month,date,time,user,command,working,non-working,class
Jan,27,11:33:32,heavyfeather-Extensa-2540,sddm-helper: pam_unix(sddm-greeter:session): session opened for user sddm(uid=119) by (uid=0),1,0,normal
Jan,27,11:33:33,heavyfeather-Extensa-2540,systemd-logind[758]: New session 1 of user sddm.,1,0,normal
Jan,27,11:33:33,heavyfeather-Extensa-2540,systemd: pam_unix(systemd-user:session): session opened for user sddm(uid=119) by (uid=0),1,0,normal
Jan,27,11:34:01,heavyfeather-Extensa-2540,sddm-helper: pam_unix(sddm:auth): authentication failure  logname= uid=0 euid=0 tty= ruser= rhost=  user=heavyfeather,1,0,normal
Jan,27,11:34:08,heavyfeather-Extensa-2540,sddm-helper: pam_kwallet5(sddm:auth): pam_kwallet5: pam_sm_authenticate,1,0,normal
Jan,27,11:34:08,heavyfeather-Extensa-2540,sddm-helper: pam_kwallet5(sddm:setcred): pam_kwallet5: pam_sm_setcred,1,0,normal
Jan,27,11:34:08,heavyfeather-Extensa-2540,sddm-helper: pam_unix(sddm:session): session opened for user heavyfeather(uid=1000) by (uid=0),1,0,normal
Jan,27,11:34:08,heavyfeather-Extensa-2540,systemd-logind[758]: New session 3 of user heavyfeather.,1,0,normal
Jan,27,11:34:08,heavyfeather-Extensa-2540,systemd: pam_unix(systemd-user:session): session opened for user heavyfeather(uid=1000) by (uid=0),1,0,normal
Jan,27,11:34:09,heavyfeather-Extensa-2540,sddm-helper: pam_kwallet5(sddm:session): pam_kwallet5: pam_sm_open_session,1,0,normal
Jan,27,11:34:10,heavyfeather-Extensa-2540,sddm-helper: pam_unix(sddm-greeter:session): session closed for user sddm,1,0,normal
Jan,27,11:34:10,heavyfeather-Extensa-2540,systemd-logind[758]: Session 1 logged out. Waiting for processes to exit.,1,0,normal
Jan,27,11:34:10,heavyfeather-Extensa-2540,systemd-logind[758]: Removed session 1.,1,0,normal
Jan,27,11:34:19,heavyfeather-Extensa-2540,polkitd(authority=local): Registered Authentication Agent for unix-session:3 (system bus name :1.60 [/usr/lib/x86_64-linux-gnu/libexec/polkit-kde-authentication-agent-1]  object path /org/kde/PolicyKit1/AuthenticationAgent  locale ru_RU.UTF-8),1,0,normal
Jan,27,11:39:15,heavyfeather-Extensa-2540,PackageKit: uid 1000 is trying to obtain org.freedesktop.packagekit.system-sources-refresh auth (only_trusted:0),1,0,normal
Jan,27,11:39:15,heavyfeather-Extensa-2540,PackageKit: uid 1000 obtained auth for org.freedesktop.packagekit.system-sources-refresh,1,0,normal
Jan,27,11:52:49,heavyfeather-Extensa-2540,PackageKit: uid 1000 is trying to obtain org.freedesktop.packagekit.system-update auth (only_trusted:1),1,0,normal
Jan,27,11:52:56,heavyfeather-Extensa-2540,polkitd(authority=local): Operator of unix-session:3 successfully authenticated as unix-user:heavyfeather to gain TEMPORARY authorization for action org.freedesktop.packagekit.system-update for system-bus-name::1.126 [/usr/bin/plasma-discover --mode update] (owned by unix-user:heavyfeather),1,0,normal
Jan,27,11:52:56,heavyfeather-Extensa-2540,PackageKit: uid 1000 obtained auth for org.freedesktop.packagekit.system-update,1,0,normal
Jan,27,12:17:01,heavyfeather-Extensa-2540,CRON[22157]: pam_unix(cron:session): session opened for user root(uid=0) by (uid=0),1,0,normal
Jan,27,12:17:01,heavyfeather-Extensa-2540,CRON[22157]: pam_unix(cron:session): session closed for user root,1,0,normal
Jan,27,12:30:01,heavyfeather-Extensa-2540,CRON[22328]: pam_unix(cron:session): session opened for user root(uid=0) by (uid=0),1,0,normal
Jan,27,12:30:01,heavyfeather-Extensa-2540,CRON[22328]: pam_unix(cron:session): session closed for user root,1,0,normal
Jan,27,13:17:01,heavyfeather-Extensa-2540,CRON[22652]: pam_unix(cron:session): session opened for user root(uid=0) by (uid=0),1,0,normal
Jan,27,13:17:01,heavyfeather-Extensa-2540,CRON[22652]: pam_unix(cron:session): session closed for user root,1,0,normal
Jan,27,13:30:01,heavyfeather-Extensa-2540,CRON[22736]: pam_unix(cron:session): session opened for user root(uid=0) by (uid=0),1,0,normal
Jan,27,13:30:02,heavyfeather-Extensa-2540,CRON[22736]: pam_unix(cron:session): session closed for user root,1,0,normal
Jan,27,13:44:06,heavyfeather-Extensa-2540,systemd-logind[758]: Lid closed.,1,0,normal
Jan,27,14:55:58,heavyfeather-Extensa-2540,systemd-logind[758]: Lid opened.,1,0,normal
Jan,27,14:55:59,heavyfeather-Extensa-2540,systemd-logind[758]: Operation 'sleep' finished.,1,0,normal
Jan,27,14:56:50,heavyfeather-Extensa-2540,CRON[23042]: pam_unix(cron:session): session opened for user root(uid=0) by (uid=0),1,0,normal
Jan,27,14:56:50,heavyfeather-Extensa-2540,CRON[23042]: pam_unix(cron:session): session closed for user root,1,0,normal
Jan,27,15:23:30,heavyfeather-Extensa-2540,systemd-logind[758]: Operation 'sleep' finished.,1,0,normal
Jan,27,15:30:01,heavyfeather-Extensa-2540,CRON[24697]: pam_unix(cron:session): session opened for user root(uid=0) by (uid=0),1,0,normal
Jan,27,15:30:01,heavyfeather-Extensa-2540,CRON[24697]: pam_unix(cron:session): session closed for user root,1,0,normal
Jan,27,15:34:07,heavyfeather-Extensa-2540,sudo: heavyfeather : TTY=pts/3   PWD=/etc/default   USER=root   COMMAND=/usr/bin/chmod +w useradd,1,0,normal
Jan,27,15:34:07,heavyfeather-Extensa-2540,sudo: pam_unix(sudo:session): session opened for user root(uid=0) by heavyfeather(uid=1000),1,0,normal
Jan,27,15:34:07,heavyfeather-Extensa-2540,sudo: pam_unix(sudo:session): session closed for user root,1,0,normal
Jan,27,15:36:21,heavyfeather-Extensa-2540,sudo: heavyfeather : TTY=pts/2   PWD=/etc/default   USER=root   COMMAND=/usr/bin/gedit useradd,1,0,normal
Jan,27,15:36:21,heavyfeather-Extensa-2540,sudo: pam_unix(sudo:session): session opened for user root(uid=0) by heavyfeather(uid=1000),1,0,normal
Jan,27,15:36:33,heavyfeather-Extensa-2540,sudo: pam_unix(sudo:session): session closed for user root,1,0,normal
Jan,27,15:36:49,heavyfeather-Extensa-2540,sudo: heavyfeather : TTY=pts/2   PWD=/etc/default   USER=root   COMMAND=/usr/bin/gedit useradd,1,0,normal
Jan,27,15:36:49,heavyfeather-Extensa-2540,sudo: pam_unix(sudo:session): session opened for user root(uid=0) by heavyfeather(uid=1000),1,0,normal
Jan,27,15:36:58,heavyfeather-Extensa-2540,sudo: pam_unix(sudo:session): session closed for user root,1,0,normal
Jan,27,15:37:00,heavyfeather-Extensa-2540,sudo: heavyfeather : TTY=pts/2   PWD=/etc/default   USER=root   COMMAND=/usr/bin/gedit useradd,1,0,normal
Jan,27,15:37:00,heavyfeather-Extensa-2540,sudo: pam_unix(sudo:session): session opened for user root(uid=0) by heavyfeather(uid=1000),1,0,normal
Jan,27,15:37:05,heavyfeather-Extensa-2540,sudo: pam_unix(sudo:session): session closed for user root,1,0,normal
Jan,27,15:38:21,heavyfeather-Extensa-2540,sudo: heavyfeather : TTY=pts/2   PWD=/etc/default   USER=root   COMMAND=/usr/bin/gedit useradd,1,0,normal
Jan,27,15:38:21,heavyfeather-Extensa-2540,sudo: pam_unix(sudo:session): session opened for user root(uid=0) by heavyfeather(uid=1000),1,0,normal
Jan,27,15:38:29,heavyfeather-Extensa-2540,sudo: pam_unix(sudo:session): session closed for user root,1,0,normal
Jan,27,15:41:53,heavyfeather-Extensa-2540,sudo: heavyfeather : TTY=pts/1   PWD=/etc/default   USER=root   COMMAND=/usr/sbin/useradd -D,1,0,normal
Jan,27,15:41:53,heavyfeather-Extensa-2540,sudo: pam_unix(sudo:session): session opened for user root(uid=0) by heavyfeather(uid=1000),1,0,normal
Jan,27,15:41:53,heavyfeather-Extensa-2540,sudo: pam_unix(sudo:session): session closed for user root,1,0,normal
Jan,27,15:42:12,heavyfeather-Extensa-2540,sudo: heavyfeather : TTY=pts/2   PWD=/home   USER=root   COMMAND=/usr/bin/passwd puser,1,0,normal
Jan,27,15:42:12,heavyfeather-Extensa-2540,sudo: pam_unix(sudo:session): session opened for user root(uid=0) by heavyfeather(uid=1000),1,0,normal
Jan,27,15:42:12,heavyfeather-Extensa-2540,sudo: pam_unix(sudo:session): session closed for user root,1,0,normal
Jan,27,15:42:58,heavyfeather-Extensa-2540,sudo: heavyfeather : TTY=pts/2   PWD=/home   USER=root   COMMAND=/usr/sbin/userdel puser,1,0,normal
Jan,27,15:42:58,heavyfeather-Extensa-2540,sudo: pam_unix(sudo:session): session opened for user root(uid=0) by heavyfeather(uid=1000),1,0,normal
Jan,27,15:42:58,heavyfeather-Extensa-2540,sudo: pam_unix(sudo:session): session closed for user root,1,0,normal
Jan,27,15:56:44,heavyfeather-Extensa-2540,systemd-logind[758]: Operation 'sleep' finished.,1,0,normal
Jan,27,16:00:42,heavyfeather-Extensa-2540,polkitd(authority=local): Operator of unix-session:3 successfully authenticated as unix-user:heavyfeather to gain TEMPORARY authorization for action org.freedesktop.accounts.user-administration for system-bus-name::1.321 [/usr/bin/systemsettings kcm_users] (owned by unix-user:heavyfeather),1,0,normal
Jan,27,16:00:42,heavyfeather-Extensa-2540,accounts-daemon: request by system-bus-name::1.321 [/usr/bin/systemsettings kcm_users pid:25674 uid:1000]: create user 'pusername',1,0,normal
Jan,27,16:00:42,heavyfeather-Extensa-2540,groupadd[25705]: group added to /etc/group: name=pusername  GID=1001,1,0,normal
Jan,27,16:00:42,heavyfeather-Extensa-2540,groupadd[25705]: group added to /etc/gshadow: name=pusername,1,0,normal
Jan,27,16:00:42,heavyfeather-Extensa-2540,groupadd[25705]: new group: name=pusername  GID=1001,1,0,normal
Jan,27,16:00:42,heavyfeather-Extensa-2540,useradd[25711]: new user: name=pusername  UID=1001  GID=1001  home=/home/pusername  shell=/bin/bash  from=none,1,0,normal
Jan,27,16:00:42,heavyfeather-Extensa-2540,useradd[25711]: failed to reset the faillog entry of UID 1001,1,0,normal
Jan,27,16:00:43,heavyfeather-Extensa-2540,chfn[25722]: changed user 'pusername' information,1,0,normal
Jan,27,16:00:43,heavyfeather-Extensa-2540,accounts-daemon: request by system-bus-name::1.321 [/usr/bin/systemsettings kcm_users pid:25674 uid:1000]: set password and hint of user 'pusername' (1001),1,0,normal
Jan,27,16:00:43,heavyfeather-Extensa-2540,usermod[25728]: change user 'pusername' password,1,0,normal
Jan,27,16:02:34,heavyfeather-Extensa-2540,su: (to pusername) heavyfeather on pts/1,1,0,normal
Jan,27,16:02:34,heavyfeather-Extensa-2540,su: pam_unix(su-l:session): session opened for user pusername(uid=1001) by heavyfeather(uid=1000),1,0,normal
Jan,27,16:03:13,heavyfeather-Extensa-2540,su: pam_unix(su-l:auth): authentication failure  logname=heavyfeather uid=1001 euid=0 tty=/dev/pts/1 ruser=pusername rhost=  user=root,1,0,normal
Jan,27,16:03:14,heavyfeather-Extensa-2540,su: FAILED SU (to root) pusername on pts/1,1,0,normal
Jan,27,16:03:24,heavyfeather-Extensa-2540,su: (to heavyfeather) pusername on pts/1,1,0,normal
Jan,27,16:03:24,heavyfeather-Extensa-2540,su: pam_unix(su-l:session): session opened for user heavyfeather(uid=1000) by heavyfeather(uid=1001),1,0,normal
Jan,27,16:03:40,heavyfeather-Extensa-2540,su: (to pusername) heavyfeather on pts/1,1,0,normal
Jan,27,16:03:40,heavyfeather-Extensa-2540,su: pam_unix(su-l:session): session opened for user pusername(uid=1001) by heavyfeather(uid=1000),1,0,normal
Jan,27,16:07:05,heavyfeather-Extensa-2540,su: (to heavyfeather) heavyfeather on pts/2,1,0,normal
Jan,27,16:07:05,heavyfeather-Extensa-2540,su: pam_unix(su-l:session): session opened for user heavyfeather(uid=1000) by heavyfeather(uid=1000),1,0,normal
Jan,27,16:17:01,heavyfeather-Extensa-2540,CRON[27561]: pam_unix(cron:session): session opened for user root(uid=0) by (uid=0),1,0,normal
Jan,27,16:17:01,heavyfeather-Extensa-2540,CRON[27561]: pam_unix(cron:session): session closed for user root,1,0,normal
Jan,27,16:20:28,heavyfeather-Extensa-2540,su: pam_unix(su-l:session): session closed for user heavyfeather,1,0,normal
Jan,27,16:20:31,heavyfeather-Extensa-2540,su: pam_unix(su-l:session): session closed for user pusername,1,0,normal
Jan,27,16:20:31,heavyfeather-Extensa-2540,su: pam_unix(su-l:session): session closed for user heavyfeather,1,0,normal
Jan,27,16:20:31,heavyfeather-Extensa-2540,su: pam_unix(su-l:session): session closed for user pusername,1,0,normal
Jan,27,16:30:01,heavyfeather-Extensa-2540,CRON[29172]: pam_unix(cron:session): session opened for user root(uid=0) by (uid=0),1,0,normal
Jan,27,16:30:01,heavyfeather-Extensa-2540,CRON[29172]: pam_unix(cron:session): session closed for user root,1,0,normal
Jan,27,16:39:06,heavyfeather-Extensa-2540,sudo: heavyfeather : TTY=pts/1   PWD=/home/heavyfeather/programms/python/Tools   USER=root   COMMAND=/usr/bin/nmap -O 213.183.113.219,1,0,normal
Jan,27,16:39:06,heavyfeather-Extensa-2540,sudo: pam_unix(sudo:session): session opened for user root(uid=0) by heavyfeather(uid=1000),1,0,normal
Jan,27,16:39:08,heavyfeather-Extensa-2540,sudo: pam_unix(sudo:session): session closed for user root,1,0,normal
Jan,27,16:39:49,heavyfeather-Extensa-2540,sudo: heavyfeather : TTY=pts/1   PWD=/home/heavyfeather/programms/python/Tools   USER=root   COMMAND=/usr/bin/nmap -sV 213.183.113.219,1,0,normal
Jan,27,16:39:49,heavyfeather-Extensa-2540,sudo: pam_unix(sudo:session): session opened for user root(uid=0) by heavyfeather(uid=1000),1,0,normal
Jan,27,16:40:39,heavyfeather-Extensa-2540,sudo: pam_unix(sudo:session): session closed for user root,1,0,normal
Jan,27,16:41:13,heavyfeather-Extensa-2540,sudo: heavyfeather : TTY=pts/1   PWD=/home/heavyfeather/programms/python/Tools   USER=root   COMMAND=/usr/bin/nmap -sP 213.183.113.219,1,0,normal
Jan,27,16:41:13,heavyfeather-Extensa-2540,sudo: pam_unix(sudo:session): session opened for user root(uid=0) by heavyfeather(uid=1000),1,0,normal
Jan,27,16:41:13,heavyfeather-Extensa-2540,sudo: pam_unix(sudo:session): session closed for user root,1,0,normal
Jan,27,16:44:27,heavyfeather-Extensa-2540,sudo: heavyfeather : TTY=pts/1   PWD=/home/heavyfeather/programms/python/Tools   USER=root   COMMAND=/snap/bin/docker ps,1,0,normal
Jan,27,16:44:27,heavyfeather-Extensa-2540,sudo: pam_unix(sudo:session): session opened for user root(uid=0) by heavyfeather(uid=1000),1,0,normal
Jan,27,16:44:28,heavyfeather-Extensa-2540,sudo: pam_unix(sudo:session): session closed for user root,1,0,normal
Jan,27,17:17:01,heavyfeather-Extensa-2540,CRON[31048]: pam_unix(cron:session): session opened for user root(uid=0) by (uid=0),1,0,normal
Jan,27,17:17:01,heavyfeather-Extensa-2540,CRON[31048]: pam_unix(cron:session): session closed for user root,1,0,normal
Jan,27,17:30:01,heavyfeather-Extensa-2540,CRON[32245]: pam_unix(cron:session): session opened for user root(uid=0) by (uid=0),1,0,normal
Jan,27,17:30:01,heavyfeather-Extensa-2540,CRON[32245]: pam_unix(cron:session): session closed for user root,1,0,normal
Jan,27,17:52:52,heavyfeather-Extensa-2540,systemd-logind[758]: Lid closed.,1,0,normal
Jan,27,18:45:16,heavyfeather-Extensa-2540,systemd-logind[758]: Lid opened.,1,0,normal
Jan,27,18:45:16,heavyfeather-Extensa-2540,systemd-logind[758]: Operation 'sleep' finished.,1,0,normal
Jan,27,18:45:17,heavyfeather-Extensa-2540,CRON[33756]: pam_unix(cron:session): session opened for user root(uid=0) by (uid=0),1,0,normal
Jan,27,18:45:17,heavyfeather-Extensa-2540,CRON[33756]: pam_unix(cron:session): session closed for user root,1,0,normal
Jan,27,19:17:01,heavyfeather-Extensa-2540,CRON[35863]: pam_unix(cron:session): session opened for user root(uid=0) by (uid=0),1,0,normal
Jan,27,19:17:01,heavyfeather-Extensa-2540,CRON[35863]: pam_unix(cron:session): session closed for user root,1,0,normal
Jan,27,19:24:41,heavyfeather-Extensa-2540,systemd-logind[758]: Lid closed.,1,0,normal
Jan,27,23:39:49,heavyfeather-Extensa-2540,systemd-logind[758]: Lid opened.,0,1,abnormal
Jan,27,23:39:49,heavyfeather-Extensa-2540,systemd-logind[758]: Operation 'sleep' finished.,0,1,abnormal
Jan,28,00:17:01,heavyfeather-Extensa-2540,CRON[37648]: pam_unix(cron:session): session opened for user root(uid=0) by (uid=0),0,1,abnormal
Jan,28,00:17:01,heavyfeather-Extensa-2540,CRON[37648]: pam_unix(cron:session): session closed for user root,0,1,abnormal
Jan,28,13:09:25,heavyfeather-Extensa-2540,systemd-logind[758]: Operation 'sleep' finished.,1,0,normal
Jan,28,13:17:01,heavyfeather-Extensa-2540,CRON[38123]: pam_unix(cron:session): session opened for user root(uid=0) by (uid=0),1,0,normal
Jan,28,13:17:01,heavyfeather-Extensa-2540,CRON[38123]: pam_unix(cron:session): session closed for user root,1,0,normal
Jan,28,13:30:01,heavyfeather-Extensa-2540,CRON[38185]: pam_unix(cron:session): session opened for user root(uid=0) by (uid=0),1,0,normal
Jan,28,13:30:01,heavyfeather-Extensa-2540,CRON[38185]: pam_unix(cron:session): session closed for user root,1,0,normal
Jan,28,20:55:37,heavyfeather-Extensa-2540,systemd-logind[758]: Operation 'sleep' finished.,1,0,normal
Jan,28,21:30:51,heavyfeather-Extensa-2540,systemd-logind[758]: Operation 'sleep' finished.,0,1,abnormal
Jan,28,22:17:01,heavyfeather-Extensa-2540,CRON[39048]: pam_unix(cron:session): session opened for user root(uid=0) by (uid=0),0,1,abnormal
Jan,28,22:17:01,heavyfeather-Extensa-2540,CRON[39048]: pam_unix(cron:session): session closed for user root,0,1,abnormal
Jan,28,22:30:01,heavyfeather-Extensa-2540,CRON[39132]: pam_unix(cron:session): session opened for user root(uid=0) by (uid=0),0,1,abnormal
Jan,28,22:30:01,heavyfeather-Extensa-2540,CRON[39132]: pam_unix(cron:session): session closed for user root,0,1,abnormal
Jan,28,23:17:01,heavyfeather-Extensa-2540,CRON[39680]: pam_unix(cron:session): session opened for user root(uid=0) by (uid=0),0,1,abnormal
Jan,28,23:17:01,heavyfeather-Extensa-2540,CRON[39680]: pam_unix(cron:session): session closed for user root,0,1,abnormal
Jan,28,23:30:01,heavyfeather-Extensa-2540,CRON[39715]: pam_unix(cron:session): session opened for user root(uid=0) by (uid=0),0,1,abnormal
Jan,28,23:30:01,heavyfeather-Extensa-2540,CRON[39715]: pam_unix(cron:session): session closed for user root,0,1,abnormal
Jan,28,23:57:30,heavyfeather-Extensa-2540,systemd-logind[758]: Lid closed.,0,1,abnormal
Jan,29,00:36:36,heavyfeather-Extensa-2540,systemd-logind[758]: Lid opened.,0,1,abnormal
Jan,29,00:36:37,heavyfeather-Extensa-2540,systemd-logind[758]: Operation 'sleep' finished.,0,1,abnormal
Jan,29,01:17:01,heavyfeather-Extensa-2540,CRON[40408]: pam_unix(cron:session): session opened for user root(uid=0) by (uid=0),0,1,abnormal
Jan,29,01:17:01,heavyfeather-Extensa-2540,CRON[40408]: pam_unix(cron:session): session closed for user root,0,1,abnormal
Jan,29,01:34:55,heavyfeather-Extensa-2540,systemd-logind[758]: Lid closed.,0,1,abnormal
Jan,29,13:39:00,heavyfeather-Extensa-2540,systemd-logind[758]: Lid opened.,1,0,normal
Jan,29,13:39:00,heavyfeather-Extensa-2540,systemd-logind[758]: Operation 'sleep' finished.,1,0,normal
Jan,29,14:14:26,heavyfeather-Extensa-2540,systemd-logind[758]: Operation 'sleep' finished.,1,0,normal
Jan,29,14:17:02,heavyfeather-Extensa-2540,CRON[41129]: pam_unix(cron:session): session opened for user root(uid=0) by (uid=0),1,0,normal
Jan,29,14:17:02,heavyfeather-Extensa-2540,CRON[41129]: pam_unix(cron:session): session closed for user root,1,0,normal
Jan,29,14:30:01,heavyfeather-Extensa-2540,CRON[41239]: pam_unix(cron:session): session opened for user root(uid=0) by (uid=0),1,0,normal
Jan,29,14:30:01,heavyfeather-Extensa-2540,CRON[41239]: pam_unix(cron:session): session closed for user root,1,0,normal
Jan,29,15:33:50,heavyfeather-Extensa-2540,systemd-logind[758]: Operation 'sleep' finished.,1,0,normal
Jan,29,15:34:45,heavyfeather-Extensa-2540,CRON[41463]: pam_unix(cron:session): session opened for user root(uid=0) by (uid=0),1,0,normal
Jan,29,15:34:45,heavyfeather-Extensa-2540,CRON[41463]: pam_unix(cron:session): session closed for user root,1,0,normal
Jan,30,14:15:56,heavyfeather-Extensa-2540,systemd-logind[758]: Operation 'sleep' finished.,1,0,normal
Jan,30,14:17:01,heavyfeather-Extensa-2540,CRON[41789]: pam_unix(cron:session): session opened for user root(uid=0) by (uid=0),1,0,normal
Jan,30,14:17:01,heavyfeather-Extensa-2540,CRON[41789]: pam_unix(cron:session): session closed for user root,1,0,normal
Jan,30,14:28:58,heavyfeather-Extensa-2540,systemd-logind[758]: Lid closed.,1,0,normal
Jan,30,14:32:04,heavyfeather-Extensa-2540,systemd-logind[758]: Lid opened.,1,0,normal
Jan,30,14:32:04,heavyfeather-Extensa-2540,systemd-logind[758]: Operation 'sleep' finished.,1,0,normal
Jan,30,14:33:01,heavyfeather-Extensa-2540,CRON[42898]: pam_unix(cron:session): session opened for user root(uid=0) by (uid=0),1,0,normal
Jan,30,14:33:01,heavyfeather-Extensa-2540,CRON[42898]: pam_unix(cron:session): session closed for user root,1,0,normal
Jan,30,15:17:01,heavyfeather-Extensa-2540,CRON[44016]: pam_unix(cron:session): session opened for user root(uid=0) by (uid=0),1,0,normal
Jan,30,15:17:01,heavyfeather-Extensa-2540,CRON[44016]: pam_unix(cron:session): session closed for user root,1,0,normal
Jan,30,15:30:35,heavyfeather-Extensa-2540,systemd-logind[758]: Operation 'sleep' finished.,1,0,normal
Jan,30,15:31:25,heavyfeather-Extensa-2540,CRON[44282]: pam_unix(cron:session): session opened for user root(uid=0) by (uid=0),1,0,normal
Jan,30,15:31:25,heavyfeather-Extensa-2540,CRON[44282]: pam_unix(cron:session): session closed for user root,1,0,normal
Jan,30,15:47:39,heavyfeather-Extensa-2540,systemd-logind[758]: Operation 'sleep' finished.,1,0,normal
Jan,30,16:11:09,heavyfeather-Extensa-2540,systemd-logind[758]: Operation 'sleep' finished.,1,0,normal
Jan,30,16:17:01,heavyfeather-Extensa-2540,CRON[45507]: pam_unix(cron:session): session opened for user root(uid=0) by (uid=0),1,0,normal
Jan,30,16:17:01,heavyfeather-Extensa-2540,CRON[45507]: pam_unix(cron:session): session closed for user root,1,0,normal
Jan,30,16:30:01,heavyfeather-Extensa-2540,CRON[45884]: pam_unix(cron:session): session opened for user root(uid=0) by (uid=0),1,0,normal
Jan,30,16:30:01,heavyfeather-Extensa-2540,CRON[45884]: pam_unix(cron:session): session closed for user root,1,0,normal
Jan,30,17:17:01,heavyfeather-Extensa-2540,CRON[46491]: pam_unix(cron:session): session opened for user root(uid=0) by (uid=0),1,0,normal
Jan,30,17:17:01,heavyfeather-Extensa-2540,CRON[46491]: pam_unix(cron:session): session closed for user root,1,0,normal
Jan,30,17:30:01,heavyfeather-Extensa-2540,CRON[46589]: pam_unix(cron:session): session opened for user root(uid=0) by (uid=0),1,0,normal
Jan,30,17:30:01,heavyfeather-Extensa-2540,CRON[46589]: pam_unix(cron:session): session closed for user root,1,0,normal
Jan,30,17:45:29,heavyfeather-Extensa-2540,systemd-logind[758]: Lid closed.,1,0,normal
Jan,30,18:40:30,heavyfeather-Extensa-2540,systemd-logind[758]: Lid opened.,1,0,normal
Jan,30,18:40:30,heavyfeather-Extensa-2540,systemd-logind[758]: Operation 'sleep' finished.,1,0,normal
Jan,30,18:40:56,heavyfeather-Extensa-2540,CRON[47132]: pam_unix(cron:session): session opened for user root(uid=0) by (uid=0),1,0,normal
Jan,30,18:40:56,heavyfeather-Extensa-2540,CRON[47132]: pam_unix(cron:session): session closed for user root,1,0,normal
Jan,30,19:17:01,heavyfeather-Extensa-2540,CRON[47913]: pam_unix(cron:session): session opened for user root(uid=0) by (uid=0),1,0,normal
Jan,30,19:17:01,heavyfeather-Extensa-2540,CRON[47913]: pam_unix(cron:session): session closed for user root,1,0,normal
Jan,30,19:22:55,heavyfeather-Extensa-2540,systemd-logind[758]: Lid closed.,1,0,normal
Jan,31,01:50:26,heavyfeather-Extensa-2540,systemd-logind[758]: Lid opened.,0,1,abnormal
Jan,31,01:50:26,heavyfeather-Extensa-2540,systemd-logind[758]: Operation 'sleep' finished.,0,1,abnormal
Jan,31,02:17:01,heavyfeather-Extensa-2540,CRON[49480]: pam_unix(cron:session): session opened for user root(uid=0) by (uid=0),0,1,abnormal
Jan,31,02:17:01,heavyfeather-Extensa-2540,CRON[49480]: pam_unix(cron:session): session closed for user root,0,1,abnormal
Jan,31,02:26:16,heavyfeather-Extensa-2540,systemd-logind[758]: Lid closed.,0,1,abnormal
Jan,31,13:34:55,heavyfeather-Extensa-2540,systemd-logind[758]: Lid opened.,1,0,normal
Jan,31,13:34:56,heavyfeather-Extensa-2540,systemd-logind[758]: Operation 'sleep' finished.,1,0,normal
Jan,31,14:11:08,heavyfeather-Extensa-2540,systemd-logind[758]: Lid closed.,1,0,normal
Jan,31,18:33:20,heavyfeather-Extensa-2540,systemd-logind[758]: Lid opened.,1,0,normal
Jan,31,18:33:20,heavyfeather-Extensa-2540,systemd-logind[758]: Operation 'sleep' finished.,1,0,normal
Jan,31,18:33:24,heavyfeather-Extensa-2540,systemd-logind[758]: Lid closed.,1,0,normal
Jan,31,18:41:03,heavyfeather-Extensa-2540,systemd-logind[758]: Lid opened.,1,0,normal
Jan,31,18:41:03,heavyfeather-Extensa-2540,systemd-logind[758]: Operation 'sleep' finished.,1,0,normal
Jan,31,19:17:01,heavyfeather-Extensa-2540,CRON[53282]: pam_unix(cron:session): session opened for user root(uid=0) by (uid=0),1,0,normal
Jan,31,19:17:01,heavyfeather-Extensa-2540,CRON[53282]: pam_unix(cron:session): session closed for user root,1,0,normal
Jan,31,19:19:50,heavyfeather-Extensa-2540,systemd-logind[758]: Lid closed.,1,0,normal
Feb,,2,11:32:24,heavyfeather-Extensa-2540 systemd-logind[758]: Lid opened.,0,1,abnormal
Feb,,2,11:32:25,heavyfeather-Extensa-2540 systemd-logind[758]: Operation 'sleep' finished.,0,1,abnormal
Feb,,2,12:17:01,heavyfeather-Extensa-2540 CRON[56062]: pam_unix(cron:session): session opened for user root(uid=0) by (uid=0),0,1,abnormal
Feb,,2,12:17:01,heavyfeather-Extensa-2540 CRON[56062]: pam_unix(cron:session): session closed for user root,0,1,abnormal
Feb,,2,12:30:01,heavyfeather-Extensa-2540 CRON[56634]: pam_unix(cron:session): session opened for user root(uid=0) by (uid=0),0,1,abnormal
Feb,,2,12:30:01,heavyfeather-Extensa-2540 CRON[56634]: pam_unix(cron:session): session closed for user root,0,1,abnormal
Feb,,2,13:17:01,heavyfeather-Extensa-2540 CRON[57790]: pam_unix(cron:session): session opened for user root(uid=0) by (uid=0),0,1,abnormal
Feb,,2,13:17:01,heavyfeather-Extensa-2540 CRON[57790]: pam_unix(cron:session): session closed for user root,0,1,abnormal
Feb,,2,13:30:01,heavyfeather-Extensa-2540 CRON[58913]: pam_unix(cron:session): session opened for user root(uid=0) by (uid=0),0,1,abnormal
Feb,,2,13:30:01,heavyfeather-Extensa-2540 CRON[58913]: pam_unix(cron:session): session closed for user root,0,1,abnormal
Feb,,2,14:17:01,heavyfeather-Extensa-2540 CRON[59872]: pam_unix(cron:session): session opened for user root(uid=0) by (uid=0),0,1,abnormal
Feb,,2,14:17:01,heavyfeather-Extensa-2540 CRON[59872]: pam_unix(cron:session): session closed for user root,0,1,abnormal
Feb,,2,14:38:10,heavyfeather-Extensa-2540 systemd-logind[758]: Operation 'sleep' finished.,0,1,abnormal
Feb,,2,14:38:16,heavyfeather-Extensa-2540 CRON[60226]: pam_unix(cron:session): session opened for user root(uid=0) by (uid=0),0,1,abnormal
Feb,,2,14:38:16,heavyfeather-Extensa-2540 CRON[60226]: pam_unix(cron:session): session closed for user root,0,1,abnormal
Feb,,2,15:17:01,heavyfeather-Extensa-2540 CRON[62490]: pam_unix(cron:session): session opened for user root(uid=0) by (uid=0),0,1,abnormal
Feb,,2,15:17:01,heavyfeather-Extensa-2540 CRON[62490]: pam_unix(cron:session): session closed for user root,0,1,abnormal
Feb,,2,15:30:01,heavyfeather-Extensa-2540 CRON[63311]: pam_unix(cron:session): session opened for user root(uid=0) by (uid=0),0,1,abnormal
Feb,,2,15:30:01,heavyfeather-Extensa-2540 CRON[63311]: pam_unix(cron:session): session closed for user root,0,1,abnormal
Feb,,2,16:17:02,heavyfeather-Extensa-2540 CRON[64929]: pam_unix(cron:session): session opened for user root(uid=0) by (uid=0),0,1,abnormal
Feb,,2,16:17:02,heavyfeather-Extensa-2540 CRON[64929]: pam_unix(cron:session): session closed for user root,0,1,abnormal
Feb,,2,16:30:01,heavyfeather-Extensa-2540 CRON[65524]: pam_unix(cron:session): session opened for user root(uid=0) by (uid=0),0,1,abnormal
Feb,,2,16:30:01,heavyfeather-Extensa-2540 CRON[65524]: pam_unix(cron:session): session closed for user root,0,1,abnormal
Feb,,2,17:17:01,heavyfeather-Extensa-2540 CRON[67116]: pam_unix(cron:session): session opened for user root(uid=0) by (uid=0),0,1,abnormal
Feb,,2,17:17:01,heavyfeather-Extensa-2540 CRON[67116]: pam_unix(cron:session): session closed for user root,0,1,abnormal
Feb,,2,17:30:01,heavyfeather-Extensa-2540 CRON[67692]: pam_unix(cron:session): session opened for user root(uid=0) by (uid=0),0,1,abnormal
Feb,,2,17:30:01,heavyfeather-Extensa-2540 CRON[67692]: pam_unix(cron:session): session closed for user root,0,1,abnormal
Feb,,2,17:34:46,heavyfeather-Extensa-2540 systemd-logind[758]: Lid closed.,0,1,abnormal
Feb,,2,18:09:24,heavyfeather-Extensa-2540 systemd-logind[758]: Lid opened.,0,1,abnormal
Feb,,2,18:09:24,heavyfeather-Extensa-2540 systemd-logind[758]: Operation 'sleep' finished.,0,1,abnormal
Feb,,2,18:17:01,heavyfeather-Extensa-2540 CRON[68828]: pam_unix(cron:session): session opened for user root(uid=0) by (uid=0),0,1,abnormal
Feb,,2,18:17:01,heavyfeather-Extensa-2540 CRON[68828]: pam_unix(cron:session): session closed for user root,0,1,abnormal
Feb,,2,18:30:01,heavyfeather-Extensa-2540 CRON[69549]: pam_unix(cron:session): session opened for user root(uid=0) by (uid=0),0,1,abnormal
Feb,,2,18:30:02,heavyfeather-Extensa-2540 CRON[69549]: pam_unix(cron:session): session closed for user root,0,1,abnormal
Feb,,2,18:36:29,heavyfeather-Extensa-2540 systemd-logind[758]: Lid closed.,0,1,abnormal
Feb,,3,11:25:25,heavyfeather-Extensa-2540 systemd-logind[758]: Lid opened.,0,1,abnormal
Feb,,3,11:25:26,heavyfeather-Extensa-2540 systemd-logind[758]: Operation 'sleep' finished.,0,1,abnormal
Feb,,3,11:30:01,heavyfeather-Extensa-2540 CRON[70049]: pam_unix(cron:session): session opened for user root(uid=0) by (uid=0),0,1,abnormal
Feb,,3,11:30:01,heavyfeather-Extensa-2540 CRON[70049]: pam_unix(cron:session): session closed for user root,0,1,abnormal
Feb,,3,11:37:45,heavyfeather-Extensa-2540 sudo: heavyfeather : TTY=pts/2   PWD=/proc/950   USER=root   COMMAND=/usr/bin/gedit cwd,0,1,abnormal
Feb,,3,11:37:45,heavyfeather-Extensa-2540 sudo: pam_unix(sudo:session): session opened for user root(uid=0) by heavyfeather(uid=1000),0,1,abnormal
Feb,,3,11:37:54,heavyfeather-Extensa-2540 sudo: pam_unix(sudo:session): session closed for user root,0,1,abnormal
Feb,,3,11:38:10,heavyfeather-Extensa-2540 sudo: heavyfeather : TTY=pts/2   PWD=/proc/6   USER=root   COMMAND=/usr/bin/gedit cwd,0,1,abnormal
Feb,,3,11:38:10,heavyfeather-Extensa-2540 sudo: pam_unix(sudo:session): session opened for user root(uid=0) by heavyfeather(uid=1000),0,1,abnormal
Feb,,3,11:38:16,heavyfeather-Extensa-2540 sudo: pam_unix(sudo:session): session closed for user root,0,1,abnormal
Feb,,3,11:39:06,heavyfeather-Extensa-2540 sudo: heavyfeather : TTY=pts/2   PWD=/proc/6   USER=root   COMMAND=/usr/bin/gedit cwd,0,1,abnormal
Feb,,3,11:39:06,heavyfeather-Extensa-2540 sudo: pam_unix(sudo:session): session opened for user root(uid=0) by heavyfeather(uid=1000),0,1,abnormal
Feb,,3,11:39:20,heavyfeather-Extensa-2540 sudo: pam_unix(sudo:session): session closed for user root,0,1,abnormal
Feb,,3,11:39:28,heavyfeather-Extensa-2540 sudo: heavyfeather : TTY=pts/2   PWD=/proc/6   USER=root   COMMAND=/usr/bin/gedit exe,0,1,abnormal
Feb,,3,11:39:28,heavyfeather-Extensa-2540 sudo: pam_unix(sudo:session): session opened for user root(uid=0) by heavyfeather(uid=1000),0,1,abnormal
Feb,,3,11:39:31,heavyfeather-Extensa-2540 sudo: pam_unix(sudo:session): session closed for user root,0,1,abnormal
Feb,,3,11:59:03,heavyfeather-Extensa-2540 sudo: heavyfeather : TTY=pts/2   PWD=/var/log   USER=root   COMMAND=/usr/bin/cat boot.log,0,1,abnormal
Feb,,3,11:59:03,heavyfeather-Extensa-2540 sudo: pam_unix(sudo:session): session opened for user root(uid=0) by heavyfeather(uid=1000),0,1,abnormal
Feb,,3,11:59:03,heavyfeather-Extensa-2540 sudo: pam_unix(sudo:session): session closed for user root,0,1,abnormal
Feb,,3,11:59:12,heavyfeather-Extensa-2540 sudo: heavyfeather : TTY=pts/2   PWD=/var/log   USER=root   COMMAND=/usr/bin/gedit boot.log,0,1,abnormal
Feb,,3,11:59:12,heavyfeather-Extensa-2540 sudo: pam_unix(sudo:session): session opened for user root(uid=0) by heavyfeather(uid=1000),0,1,abnormal
Feb,,3,11:59:14,heavyfeather-Extensa-2540 sudo: pam_unix(sudo:session): session closed for user root,0,1,abnormal
Feb,,3,11:59:31,heavyfeather-Extensa-2540 sudo: heavyfeather : TTY=pts/2   PWD=/var/log   USER=root   COMMAND=/usr/bin/gedit mesg,0,1,abnormal
Feb,,3,11:59:31,heavyfeather-Extensa-2540 sudo: pam_unix(sudo:session): session opened for user root(uid=0) by heavyfeather(uid=1000),0,1,abnormal
Feb,,3,11:59:33,heavyfeather-Extensa-2540 sudo: pam_unix(sudo:session): session closed for user root,0,1,abnormal
Feb,,3,12:03:33,heavyfeather-Extensa-2540 sudo: heavyfeather : TTY=pts/2   PWD=/var/log   USER=root   COMMAND=/usr/bin/less faillog,0,1,abnormal
Feb,,3,12:03:33,heavyfeather-Extensa-2540 sudo: pam_unix(sudo:session): session opened for user root(uid=0) by heavyfeather(uid=1000),0,1,abnormal
Feb,,3,12:03:34,heavyfeather-Extensa-2540 sudo: pam_unix(sudo:session): session closed for user root,0,1,abnormal
Feb,,3,12:03:39,heavyfeather-Extensa-2540 sudo: heavyfeather : TTY=pts/2   PWD=/var/log   USER=root   COMMAND=/usr/bin/less faillog,0,1,abnormal
Feb,,3,12:03:39,heavyfeather-Extensa-2540 sudo: pam_unix(sudo:session): session opened for user root(uid=0) by heavyfeather(uid=1000),0,1,abnormal
Feb,,3,12:03:40,heavyfeather-Extensa-2540 sudo: pam_unix(sudo:session): session closed for user root,0,1,abnormal
Feb,,3,12:03:42,heavyfeather-Extensa-2540 sudo: heavyfeather : TTY=pts/2   PWD=/var/log   USER=root   COMMAND=/usr/bin/less faillog,0,1,abnormal
Feb,,3,12:03:42,heavyfeather-Extensa-2540 sudo: pam_unix(sudo:session): session opened for user root(uid=0) by heavyfeather(uid=1000),0,1,abnormal
Feb,,3,12:03:48,heavyfeather-Extensa-2540 sudo: pam_unix(sudo:session): session closed for user root,0,1,abnormal
Feb,,3,12:17:01,heavyfeather-Extensa-2540 CRON[72001]: pam_unix(cron:session): session opened for user root(uid=0) by (uid=0),0,1,abnormal
Feb,,3,12:17:01,heavyfeather-Extensa-2540 CRON[72001]: pam_unix(cron:session): session closed for user root,0,1,abnormal
Feb,,3,12:19:09,heavyfeather-Extensa-2540 sudo: heavyfeather : TTY=pts/2   PWD=/var/log   USER=root   COMMAND=/usr/bin/less syslog,0,1,abnormal
Feb,,3,12:19:09,heavyfeather-Extensa-2540 sudo: pam_unix(sudo:session): session opened for user root(uid=0) by heavyfeather(uid=1000),0,1,abnormal
Feb,,3,12:19:27,heavyfeather-Extensa-2540 sudo: pam_unix(sudo:session): session closed for user root,0,1,abnormal
Feb,,3,12:19:56,heavyfeather-Extensa-2540 sudo: heavyfeather : TTY=pts/2   PWD=/var/log   USER=root   COMMAND=/usr/bin/less boot.log,0,1,abnormal
Feb,,3,12:19:56,heavyfeather-Extensa-2540 sudo: pam_unix(sudo:session): session opened for user root(uid=0) by heavyfeather(uid=1000),0,1,abnormal
Feb,,3,12:19:59,heavyfeather-Extensa-2540 sudo: pam_unix(sudo:session): session closed for user root,0,1,abnormal
Feb,,3,12:20:08,heavyfeather-Extensa-2540 sudo: heavyfeather : TTY=pts/2   PWD=/var/log   USER=root   COMMAND=/usr/bin/less auth.log,0,1,abnormal
Feb,,3,12:20:08,heavyfeather-Extensa-2540 sudo: pam_unix(sudo:session): session opened for user root(uid=0) by heavyfeather(uid=1000),0,1,abnormal
Feb,,3,12:20:58,heavyfeather-Extensa-2540 sudo: pam_unix(sudo:session): session closed for user root,0,1,abnormal
Feb,,3,12:21:07,heavyfeather-Extensa-2540 sudo: heavyfeather : TTY=pts/2   PWD=/var/log   USER=root   COMMAND=/usr/bin/gedit auth.log,0,1,abnormal
Feb,,3,12:21:07,heavyfeather-Extensa-2540 sudo: pam_unix(sudo:session): session opened for user root(uid=0) by heavyfeather(uid=1000),0,1,abnormal
Feb,,3,12:21:27,heavyfeather-Extensa-2540 sudo: pam_unix(sudo:session): session closed for user root,0,1,abnormal
Feb,,3,12:22:36,heavyfeather-Extensa-2540 sudo: heavyfeather : TTY=pts/2   PWD=/var/log   USER=root   COMMAND=/usr/bin/less boot.log.7,0,1,abnormal
Feb,,3,12:22:36,heavyfeather-Extensa-2540 sudo: pam_unix(sudo:session): session opened for user root(uid=0) by heavyfeather(uid=1000),0,1,abnormal
Feb,,3,12:22:39,heavyfeather-Extensa-2540 sudo: pam_unix(sudo:session): session closed for user root,0,1,abnormal
Feb,,3,12:30:01,heavyfeather-Extensa-2540 CRON[72160]: pam_unix(cron:session): session opened for user root(uid=0) by (uid=0),0,1,abnormal
Feb,,3,12:30:01,heavyfeather-Extensa-2540 CRON[72160]: pam_unix(cron:session): session closed for user root,0,1,abnormal
Feb,,3,13:17:01,heavyfeather-Extensa-2540 CRON[73244]: pam_unix(cron:session): session opened for user root(uid=0) by (uid=0),0,1,abnormal
Feb,,3,13:17:01,heavyfeather-Extensa-2540 CRON[73244]: pam_unix(cron:session): session closed for user root,0,1,abnormal
Feb,,3,13:30:01,heavyfeather-Extensa-2540 CRON[73532]: pam_unix(cron:session): session opened for user root(uid=0) by (uid=0),0,1,abnormal
Feb,,3,13:30:01,heavyfeather-Extensa-2540 CRON[73532]: pam_unix(cron:session): session closed for user root,0,1,abnormal
Feb,,3,14:08:13,heavyfeather-Extensa-2540 systemd-logind[758]: Operation 'sleep' finished.,0,1,abnormal
Feb,,3,14:17:01,heavyfeather-Extensa-2540 CRON[74365]: pam_unix(cron:session): session opened for user root(uid=0) by (uid=0),0,1,abnormal
Feb,,3,14:17:01,heavyfeather-Extensa-2540 CRON[74365]: pam_unix(cron:session): session closed for user root,0,1,abnormal
Feb,,3,14:30:01,heavyfeather-Extensa-2540 CRON[74929]: pam_unix(cron:session): session opened for user root(uid=0) by (uid=0),0,1,abnormal
Feb,,3,14:30:01,heavyfeather-Extensa-2540 CRON[74929]: pam_unix(cron:session): session closed for user root,0,1,abnormal
Feb,,3,14:47:00,heavyfeather-Extensa-2540 systemd-logind[758]: Operation 'sleep' finished.,0,1,abnormal
Feb,,3,15:17:01,heavyfeather-Extensa-2540 CRON[76090]: pam_unix(cron:session): session opened for user root(uid=0) by (uid=0),0,1,abnormal
Feb,,3,15:17:01,heavyfeather-Extensa-2540 CRON[76090]: pam_unix(cron:session): session closed for user root,0,1,abnormal
Feb,,3,15:41:47,heavyfeather-Extensa-2540 systemd-logind[758]: Operation 'sleep' finished.,0,1,abnormal
Feb,,3,15:41:50,heavyfeather-Extensa-2540 CRON[76341]: pam_unix(cron:session): session opened for user root(uid=0) by (uid=0),0,1,abnormal
Feb,,3,15:41:50,heavyfeather-Extensa-2540 CRON[76341]: pam_unix(cron:session): session closed for user root,0,1,abnormal
Feb,,3,15:49:14,heavyfeather-Extensa-2540 systemd-logind[758]: System is rebooting.,0,1,abnormal
Feb,,3,15:49:14,heavyfeather-Extensa-2540 dbus-daemon[725]: [system] Rejected send message  0 matched rules  type="error"  sender=":1.54" (uid=1000 pid=1357 comm="/usr/bin/pulseaudio --daemonize=no --log-target=jo" label="unconfined") interface="(unset)" member="(unset)" error name="org.freedesktop.DBus.Error.UnknownMethod" requested_reply="0" destination=":1.4" (uid=0 pid=723 comm="/usr/lib/bluetooth/bluetoothd " label="unconfined"),0,1,abnormal
Feb,,3,15:49:14,heavyfeather-Extensa-2540 dbus-daemon[725]: [system] Rejected send message  0 matched rules  type="error"  sender=":1.54" (uid=1000 pid=1357 comm="/usr/bin/pulseaudio --daemonize=no --log-target=jo" label="unconfined") interface="(unset)" member="(unset)" error name="org.freedesktop.DBus.Error.UnknownMethod" requested_reply="0" destination=":1.4" (uid=0 pid=723 comm="/usr/lib/bluetooth/bluetoothd " label="unconfined"),0,1,abnormal
Feb,,3,15:49:14,heavyfeather-Extensa-2540 systemd-logind[758]: Session 3 logged out. Waiting for processes to exit.,0,1,abnormal
Feb,,3,15:49:15,heavyfeather-Extensa-2540 polkitd(authority=local): Unregistered Authentication Agent for unix-session:3 (system bus name :1.60  object path /org/kde/PolicyKit1/AuthenticationAgent  locale ru_RU.UTF-8) (disconnected from bus),0,1,abnormal
Feb,,3,15:50:37,heavyfeather-Extensa-2540 systemd-logind[780]: New seat seat0.,0,1,abnormal
Feb,,3,15:50:37,heavyfeather-Extensa-2540 systemd-logind[780]: Watching system buttons on /dev/input/event3 (Power Button),0,1,abnormal
Feb,,3,15:50:37,heavyfeather-Extensa-2540 systemd-logind[780]: Watching system buttons on /dev/input/event0 (Lid Switch),0,1,abnormal
Feb,,3,15:50:37,heavyfeather-Extensa-2540 systemd-logind[780]: Watching system buttons on /dev/input/event2 (Power Button),0,1,abnormal
Feb,,3,15:50:37,heavyfeather-Extensa-2540 systemd-logind[780]: Watching system buttons on /dev/input/event1 (Sleep Button),0,1,abnormal
Feb,,3,15:50:37,heavyfeather-Extensa-2540 systemd-logind[780]: Watching system buttons on /dev/input/event4 (AT Translated Set 2 keyboard),0,1,abnormal
Feb,,3,15:50:37,heavyfeather-Extensa-2540 systemd-logind[780]: Watching system buttons on /dev/input/event8 (Acer WMI hotkeys),0,1,abnormal
Feb,,3,15:51:06,heavyfeather-Extensa-2540 sddm-helper: pam_unix(sddm-greeter:session): session opened for user sddm(uid=119) by (uid=0),0,1,abnormal
Feb,,3,15:51:07,heavyfeather-Extensa-2540 systemd-logind[780]: New session 1 of user sddm.,0,1,abnormal
Feb,,3,15:51:07,heavyfeather-Extensa-2540 systemd: pam_unix(systemd-user:session): session opened for user sddm(uid=119) by (uid=0),0,1,abnormal
Feb,,3,15:51:41,heavyfeather-Extensa-2540 sddm-helper: pam_kwallet5(sddm:auth): pam_kwallet5: pam_sm_authenticate,0,1,abnormal
Feb,,3,15:51:41,heavyfeather-Extensa-2540 sddm-helper: pam_kwallet5(sddm:setcred): pam_kwallet5: pam_sm_setcred,0,1,abnormal
Feb,,3,15:51:41,heavyfeather-Extensa-2540 sddm-helper: pam_unix(sddm:session): session opened for user heavyfeather(uid=1000) by (uid=0),0,1,abnormal
Feb,,3,15:51:41,heavyfeather-Extensa-2540 systemd-logind[780]: New session 3 of user heavyfeather.,0,1,abnormal
Feb,,3,15:51:41,heavyfeather-Extensa-2540 systemd: pam_unix(systemd-user:session): session opened for user heavyfeather(uid=1000) by (uid=0),0,1,abnormal
Feb,,3,15:51:43,heavyfeather-Extensa-2540 sddm-helper: pam_kwallet5(sddm:session): pam_kwallet5: pam_sm_open_session,0,1,abnormal
Feb,,3,15:51:43,heavyfeather-Extensa-2540 sddm-helper: pam_unix(sddm-greeter:session): session closed for user sddm,0,1,abnormal
Feb,,3,15:51:43,heavyfeather-Extensa-2540 systemd-logind[780]: Session 1 logged out. Waiting for processes to exit.,0,1,abnormal
Feb,,3,15:51:43,heavyfeather-Extensa-2540 systemd-logind[780]: Removed session 1.,0,1,abnormal
Feb,,3,15:51:53,heavyfeather-Extensa-2540 polkitd(authority=local): Registered Authentication Agent for unix-session:3 (system bus name :1.56 [/usr/lib/x86_64-linux-gnu/libexec/polkit-kde-authentication-agent-1]  object path /org/kde/PolicyKit1/AuthenticationAgent  locale ru_RU.UTF-8),0,1,abnormal
Feb,,3,15:56:56,heavyfeather-Extensa-2540 PackageKit: uid 1000 is trying to obtain org.freedesktop.packagekit.system-sources-refresh auth (only_trusted:0),0,1,abnormal
Feb,,3,15:56:56,heavyfeather-Extensa-2540 PackageKit: uid 1000 obtained auth for org.freedesktop.packagekit.system-sources-refresh,0,1,abnormal
Feb,,3,16:17:01,heavyfeather-Extensa-2540 CRON[4078]: pam_unix(cron:session): session opened for user root(uid=0) by (uid=0),0,1,abnormal
Feb,,3,16:17:01,heavyfeather-Extensa-2540 CRON[4078]: pam_unix(cron:session): session closed for user root,0,1,abnormal
Feb,,3,16:30:01,heavyfeather-Extensa-2540 CRON[5036]: pam_unix(cron:session): session opened for user root(uid=0) by (uid=0),0,1,abnormal
Feb,,3,16:30:01,heavyfeather-Extensa-2540 CRON[5036]: pam_unix(cron:session): session closed for user root,0,1,abnormal
Feb,,3,17:17:01,heavyfeather-Extensa-2540 CRON[6618]: pam_unix(cron:session): session opened for user root(uid=0) by (uid=0),0,1,abnormal
Feb,,3,17:17:01,heavyfeather-Extensa-2540 CRON[6618]: pam_unix(cron:session): session closed for user root,0,1,abnormal
Feb,,3,17:24:12,heavyfeather-Extensa-2540 sudo: heavyfeather : TTY=pts/1   PWD=/proc   USER=root   COMMAND=/usr/bin/gedit kmsg,0,1,abnormal
Feb,,3,17:24:13,heavyfeather-Extensa-2540 sudo: pam_unix(sudo:session): session opened for user root(uid=0) by heavyfeather(uid=1000),0,1,abnormal
Feb,,3,17:24:16,heavyfeather-Extensa-2540 sudo: pam_unix(sudo:session): session closed for user root,0,1,abnormal
Feb,,3,17:30:01,heavyfeather-Extensa-2540 CRON[7080]: pam_unix(cron:session): session opened for user root(uid=0) by (uid=0),0,1,abnormal
Feb,,3,17:30:02,heavyfeather-Extensa-2540 CRON[7080]: pam_unix(cron:session): session closed for user root,0,1,abnormal
Feb,,3,17:41:02,heavyfeather-Extensa-2540 systemd-logind[780]: Lid closed.,0,1,abnormal
Feb,,3,18:26:14,heavyfeather-Extensa-2540 systemd-logind[780]: Lid opened.,0,1,abnormal
Feb,,3,18:26:14,heavyfeather-Extensa-2540 systemd-logind[780]: Operation 'sleep' finished.,0,1,abnormal
Feb,,3,18:26:20,heavyfeather-Extensa-2540 unix_chkpwd[8112]: password check failed for user (heavyfeather),0,1,abnormal
Feb,,3,18:26:20,heavyfeather-Extensa-2540 kcheckpass[8110]: pam_unix(kde:auth): authentication failure  logname= uid=1000 euid=1000 tty=:0 ruser= rhost=  user=heavyfeather,0,1,abnormal
Feb,,3,18:26:20,heavyfeather-Extensa-2540 kcheckpass[8110]: Authentication failure for heavyfeather (invoked by uid 1000),0,1,abnormal
Feb,,3,18:28:33,heavyfeather-Extensa-2540 systemd-logind[780]: Lid closed.,0,1,abnormal
Feb,,3,19:52:03,heavyfeather-Extensa-2540 systemd-logind[780]: Lid opened.,0,1,abnormal
Feb,,3,19:52:04,heavyfeather-Extensa-2540 systemd-logind[780]: Operation 'sleep' finished.,0,1,abnormal
Feb,,3,19:52:28,heavyfeather-Extensa-2540 CRON[8607]: pam_unix(cron:session): session opened for user root(uid=0) by (uid=0),0,1,abnormal
Feb,,3,19:52:28,heavyfeather-Extensa-2540 CRON[8607]: pam_unix(cron:session): session closed for user root,0,1,abnormal
Feb,,3,19:52:28,heavyfeather-Extensa-2540 CRON[8609]: pam_unix(cron:session): session opened for user root(uid=0) by (uid=0),0,1,abnormal
Feb,,3,19:52:28,heavyfeather-Extensa-2540 CRON[8609]: pam_unix(cron:session): session closed for user root,0,1,abnormal
Feb,,3,20:08:18,heavyfeather-Extensa-2540 systemd-logind[780]: Lid closed.,0,1,abnormal
Feb,,5,01:47:58,heavyfeather-Extensa-2540 systemd-logind[780]: Lid opened.,0,1,abnormal
Feb,,5,01:47:59,heavyfeather-Extensa-2540 systemd-logind[780]: Operation 'sleep' finished.,0,1,abnormal
Feb,,5,02:14:24,heavyfeather-Extensa-2540 systemd-logind[780]: Lid closed.,0,1,abnormal
Feb,,5,12:00:51,heavyfeather-Extensa-2540 systemd-logind[780]: Lid opened.,0,1,abnormal
Feb,,5,12:00:52,heavyfeather-Extensa-2540 systemd-logind[780]: Operation 'sleep' finished.,0,1,abnormal
Feb,,5,12:17:01,heavyfeather-Extensa-2540 CRON[10624]: pam_unix(cron:session): session opened for user root(uid=0) by (uid=0),0,1,abnormal
Feb,,5,12:17:01,heavyfeather-Extensa-2540 CRON[10624]: pam_unix(cron:session): session closed for user root,0,1,abnormal
Feb,,5,12:30:01,heavyfeather-Extensa-2540 CRON[10708]: pam_unix(cron:session): session opened for user root(uid=0) by (uid=0),0,1,abnormal
Feb,,5,12:30:01,heavyfeather-Extensa-2540 CRON[10708]: pam_unix(cron:session): session closed for user root,0,1,abnormal
Feb,,5,13:15:20,heavyfeather-Extensa-2540 systemd-logind[780]: Lid closed.,0,1,abnormal
Feb,,5,23:44:18,heavyfeather-Extensa-2540 systemd-logind[780]: Lid opened.,0,1,abnormal
Feb,,5,23:44:19,heavyfeather-Extensa-2540 systemd-logind[780]: Operation 'sleep' finished.,0,1,abnormal
Feb,,6,00:17:01,heavyfeather-Extensa-2540 CRON[11744]: pam_unix(cron:session): session opened for user root(uid=0) by (uid=0),0,1,abnormal
Feb,,6,00:17:01,heavyfeather-Extensa-2540 CRON[11744]: pam_unix(cron:session): session closed for user root,0,1,abnormal
Feb,,6,00:57:24,heavyfeather-Extensa-2540 systemd-logind[780]: Lid closed.,0,1,abnormal
Feb,,6,11:59:25,heavyfeather-Extensa-2540 systemd-logind[780]: Lid opened.,0,1,abnormal
Feb,,6,11:59:26,heavyfeather-Extensa-2540 systemd-logind[780]: Operation 'sleep' finished.,0,1,abnormal
Feb,,6,12:17:01,heavyfeather-Extensa-2540 CRON[12958]: pam_unix(cron:session): session opened for user root(uid=0) by (uid=0),0,1,abnormal
Feb,,6,12:17:01,heavyfeather-Extensa-2540 CRON[12958]: pam_unix(cron:session): session closed for user root,0,1,abnormal
Feb,,6,12:30:01,heavyfeather-Extensa-2540 CRON[13051]: pam_unix(cron:session): session opened for user root(uid=0) by (uid=0),0,1,abnormal
Feb,,6,12:30:01,heavyfeather-Extensa-2540 CRON[13051]: pam_unix(cron:session): session closed for user root,0,1,abnormal
Feb,,6,12:43:44,heavyfeather-Extensa-2540 systemd-logind[780]: Lid closed.,0,1,abnormal
Feb,,6,14:53:26,heavyfeather-Extensa-2540 systemd-logind[780]: Lid opened.,0,1,abnormal
Feb,,6,14:53:27,heavyfeather-Extensa-2540 systemd-logind[780]: Operation 'sleep' finished.,0,1,abnormal
Feb,,6,14:53:39,heavyfeather-Extensa-2540 CRON[13392]: pam_unix(cron:session): session opened for user root(uid=0) by (uid=0),0,1,abnormal
Feb,,6,14:53:39,heavyfeather-Extensa-2540 CRON[13392]: pam_unix(cron:session): session closed for user root,0,1,abnormal
Feb,,6,14:53:39,heavyfeather-Extensa-2540 CRON[13394]: pam_unix(cron:session): session opened for user root(uid=0) by (uid=0),0,1,abnormal
Feb,,6,14:53:39,heavyfeather-Extensa-2540 CRON[13394]: pam_unix(cron:session): session closed for user root,0,1,abnormal
Feb,,6,14:57:20,heavyfeather-Extensa-2540 PackageKit: uid 1000 is trying to obtain org.freedesktop.packagekit.system-sources-refresh auth (only_trusted:0),0,1,abnormal
Feb,,6,14:57:20,heavyfeather-Extensa-2540 PackageKit: uid 1000 obtained auth for org.freedesktop.packagekit.system-sources-refresh,0,1,abnormal
Feb,,6,14:57:58,heavyfeather-Extensa-2540 PackageKit: uid 1000 is trying to obtain org.freedesktop.packagekit.system-sources-refresh auth (only_trusted:0),0,1,abnormal
Feb,,6,14:57:58,heavyfeather-Extensa-2540 PackageKit: uid 1000 obtained auth for org.freedesktop.packagekit.system-sources-refresh,0,1,abnormal
Feb,,6,14:58:17,heavyfeather-Extensa-2540 PackageKit: uid 1000 is trying to obtain org.freedesktop.packagekit.system-update auth (only_trusted:1),0,1,abnormal
Feb,,6,14:58:22,heavyfeather-Extensa-2540 polkitd(authority=local): Operator of unix-session:3 successfully authenticated as unix-user:heavyfeather to gain TEMPORARY authorization for action org.freedesktop.packagekit.system-update for system-bus-name::1.469 [/usr/bin/plasma-discover --mode update] (owned by unix-user:heavyfeather),0,1,abnormal
Feb,,6,14:58:22,heavyfeather-Extensa-2540 PackageKit: uid 1000 obtained auth for org.freedesktop.packagekit.system-update,0,1,abnormal
Feb,,6,15:17:01,heavyfeather-Extensa-2540 CRON[16431]: pam_unix(cron:session): session opened for user root(uid=0) by (uid=0),0,1,abnormal
Feb,,6,15:17:01,heavyfeather-Extensa-2540 CRON[16431]: pam_unix(cron:session): session closed for user root,0,1,abnormal
Feb,,6,15:30:01,heavyfeather-Extensa-2540 CRON[16510]: pam_unix(cron:session): session opened for user root(uid=0) by (uid=0),0,1,abnormal
Feb,,6,15:30:01,heavyfeather-Extensa-2540 CRON[16510]: pam_unix(cron:session): session closed for user root,0,1,abnormal
Feb,,6,15:57:20,heavyfeather-Extensa-2540 PackageKit: uid 1000 is trying to obtain org.freedesktop.packagekit.system-sources-refresh auth (only_trusted:0),0,1,abnormal
Feb,,6,15:57:20,heavyfeather-Extensa-2540 PackageKit: uid 1000 obtained auth for org.freedesktop.packagekit.system-sources-refresh,0,1,abnormal
Feb,,6,16:17:01,heavyfeather-Extensa-2540 CRON[17765]: pam_unix(cron:session): session opened for user root(uid=0) by (uid=0),0,1,abnormal
Feb,,6,16:17:01,heavyfeather-Extensa-2540 CRON[17765]: pam_unix(cron:session): session closed for user root,0,1,abnormal
Feb,,6,16:30:01,heavyfeather-Extensa-2540 CRON[17998]: pam_unix(cron:session): session opened for user root(uid=0) by (uid=0),0,1,abnormal
Feb,,6,16:30:01,heavyfeather-Extensa-2540 CRON[17998]: pam_unix(cron:session): session closed for user root,0,1,abnormal
Feb,,6,16:57:20,heavyfeather-Extensa-2540 PackageKit: uid 1000 is trying to obtain org.freedesktop.packagekit.system-sources-refresh auth (only_trusted:0),0,1,abnormal
Feb,,6,16:57:20,heavyfeather-Extensa-2540 PackageKit: uid 1000 obtained auth for org.freedesktop.packagekit.system-sources-refresh,0,1,abnormal
Feb,,6,17:17:01,heavyfeather-Extensa-2540 CRON[19634]: pam_unix(cron:session): session opened for user root(uid=0) by (uid=0),0,1,abnormal
Feb,,6,17:17:01,heavyfeather-Extensa-2540 CRON[19634]: pam_unix(cron:session): session closed for user root,0,1,abnormal
Feb,,6,17:30:01,heavyfeather-Extensa-2540 CRON[19987]: pam_unix(cron:session): session opened for user root(uid=0) by (uid=0),0,1,abnormal
Feb,,6,17:30:01,heavyfeather-Extensa-2540 CRON[19987]: pam_unix(cron:session): session closed for user root,0,1,abnormal
Feb,,6,17:55:01,heavyfeather-Extensa-2540 systemd-logind[780]: Lid closed.,0,1,abnormal
Feb,,7,11:26:53,heavyfeather-Extensa-2540 systemd-logind[780]: Lid opened.,0,1,abnormal
Feb,,7,11:26:54,heavyfeather-Extensa-2540 systemd-logind[780]: Operation 'sleep' finished.,0,1,abnormal
Feb,,7,11:29:05,heavyfeather-Extensa-2540 PackageKit: uid 1000 is trying to obtain org.freedesktop.packagekit.system-sources-refresh auth (only_trusted:0),0,1,abnormal
Feb,,7,11:29:05,heavyfeather-Extensa-2540 PackageKit: uid 1000 obtained auth for org.freedesktop.packagekit.system-sources-refresh,0,1,abnormal
Feb,,7,11:30:01,heavyfeather-Extensa-2540 CRON[21639]: pam_unix(cron:session): session opened for user root(uid=0) by (uid=0),0,1,abnormal
Feb,,7,11:30:01,heavyfeather-Extensa-2540 CRON[21639]: pam_unix(cron:session): session closed for user root,0,1,abnormal
Feb,,7,11:33:18,heavyfeather-Extensa-2540 sudo: heavyfeather : TTY=pts/1   PWD=/var/log   USER=root   COMMAND=/usr/bin/less boot.log,0,1,abnormal
Feb,,7,11:33:18,heavyfeather-Extensa-2540 sudo: pam_unix(sudo:session): session opened for user root(uid=0) by heavyfeather(uid=1000),0,1,abnormal
Feb,,7,11:33:23,heavyfeather-Extensa-2540 sudo: pam_unix(sudo:session): session closed for user root,0,1,abnormal
Feb,,7,11:45:48,heavyfeather-Extensa-2540 PackageKit: uid 1000 is trying to obtain org.freedesktop.packagekit.system-sources-refresh auth (only_trusted:0),0,1,abnormal
Feb,,7,11:45:48,heavyfeather-Extensa-2540 PackageKit: uid 1000 obtained auth for org.freedesktop.packagekit.system-sources-refresh,0,1,abnormal
Feb,,7,12:17:01,heavyfeather-Extensa-2540 CRON[24025]: pam_unix(cron:session): session opened for user root(uid=0) by (uid=0),0,1,abnormal
Feb,,7,12:17:01,heavyfeather-Extensa-2540 CRON[24025]: pam_unix(cron:session): session closed for user root,0,1,abnormal
Feb,,7,12:30:01,heavyfeather-Extensa-2540 CRON[24102]: pam_unix(cron:session): session opened for user root(uid=0) by (uid=0),0,1,abnormal
Feb,,7,12:30:01,heavyfeather-Extensa-2540 CRON[24102]: pam_unix(cron:session): session closed for user root,0,1,abnormal
Feb,,7,13:17:01,heavyfeather-Extensa-2540 CRON[24340]: pam_unix(cron:session): session opened for user root(uid=0) by (uid=0),0,1,abnormal
Feb,,7,13:17:01,heavyfeather-Extensa-2540 CRON[24340]: pam_unix(cron:session): session closed for user root,0,1,abnormal
Feb,,7,13:30:01,heavyfeather-Extensa-2540 CRON[24449]: pam_unix(cron:session): session opened for user root(uid=0) by (uid=0),0,1,abnormal
Feb,,7,13:30:01,heavyfeather-Extensa-2540 CRON[24449]: pam_unix(cron:session): session closed for user root,0,1,abnormal
Feb,,7,14:06:48,heavyfeather-Extensa-2540 systemd-logind[780]: Power key pressed.,0,1,abnormal
Feb,,7,14:17:01,heavyfeather-Extensa-2540 CRON[24972]: pam_unix(cron:session): session opened for user root(uid=0) by (uid=0),0,1,abnormal
Feb,,7,14:17:01,heavyfeather-Extensa-2540 CRON[24972]: pam_unix(cron:session): session closed for user root,0,1,abnormal
Feb,,7,14:30:01,heavyfeather-Extensa-2540 CRON[25128]: pam_unix(cron:session): session opened for user root(uid=0) by (uid=0),0,1,abnormal
Feb,,7,14:30:01,heavyfeather-Extensa-2540 CRON[25128]: pam_unix(cron:session): session closed for user root,0,1,abnormal
Feb,,7,15:17:01,heavyfeather-Extensa-2540 CRON[25910]: pam_unix(cron:session): session opened for user root(uid=0) by (uid=0),0,1,abnormal
Feb,,7,15:17:01,heavyfeather-Extensa-2540 CRON[25910]: pam_unix(cron:session): session closed for user root,0,1,abnormal
Feb,,7,15:30:01,heavyfeather-Extensa-2540 CRON[26006]: pam_unix(cron:session): session opened for user root(uid=0) by (uid=0),0,1,abnormal
Feb,,7,15:30:01,heavyfeather-Extensa-2540 CRON[26006]: pam_unix(cron:session): session closed for user root,0,1,abnormal
Feb,,7,16:17:01,heavyfeather-Extensa-2540 CRON[26403]: pam_unix(cron:session): session opened for user root(uid=0) by (uid=0),0,1,abnormal
Feb,,7,16:17:01,heavyfeather-Extensa-2540 CRON[26403]: pam_unix(cron:session): session closed for user root,0,1,abnormal
Feb,,7,16:19:44,heavyfeather-Extensa-2540 systemd-logind[780]: Lid closed.,0,1,abnormal
Feb,,7,16:20:14,heavyfeather-Extensa-2540 systemd-logind[780]: Delay lock is active (UID 1000/heavyfeather  PID 1646/ksmserver) but inhibitor timeout is reached.,0,1,abnormal
Feb,,7,16:35:48,heavyfeather-Extensa-2540 systemd-logind[780]: Lid opened.,0,1,abnormal
Feb,,7,16:35:49,heavyfeather-Extensa-2540 systemd-logind[780]: Operation 'sleep' finished.,0,1,abnormal
Feb,,7,16:36:31,heavyfeather-Extensa-2540 CRON[26881]: pam_unix(cron:session): session opened for user root(uid=0) by (uid=0),0,1,abnormal
Feb,,7,16:36:31,heavyfeather-Extensa-2540 CRON[26881]: pam_unix(cron:session): session closed for user root,0,1,abnormal
Feb,,7,17:17:01,heavyfeather-Extensa-2540 CRON[27962]: pam_unix(cron:session): session opened for user root(uid=0) by (uid=0),0,1,abnormal
Feb,,7,17:17:01,heavyfeather-Extensa-2540 CRON[27962]: pam_unix(cron:session): session closed for user root,0,1,abnormal
Feb,,7,17:30:01,heavyfeather-Extensa-2540 CRON[28170]: pam_unix(cron:session): session opened for user root(uid=0) by (uid=0),0,1,abnormal
Feb,,7,17:30:01,heavyfeather-Extensa-2540 CRON[28170]: pam_unix(cron:session): session closed for user root,0,1,abnormal
Feb,,7,17:46:47,heavyfeather-Extensa-2540 systemd-logind[780]: Lid closed.,0,1,abnormal
Feb,,7,19:04:34,heavyfeather-Extensa-2540 systemd-logind[780]: Lid opened.,0,1,abnormal
Feb,,7,19:04:35,heavyfeather-Extensa-2540 systemd-logind[780]: Operation 'sleep' finished.,0,1,abnormal
Feb,,7,19:04:44,heavyfeather-Extensa-2540 CRON[29121]: pam_unix(cron:session): session opened for user root(uid=0) by (uid=0),0,1,abnormal
Feb,,7,19:04:44,heavyfeather-Extensa-2540 CRON[29121]: pam_unix(cron:session): session closed for user root,0,1,abnormal
Feb,,7,19:17:01,heavyfeather-Extensa-2540 CRON[29209]: pam_unix(cron:session): session opened for user root(uid=0) by (uid=0),0,1,abnormal
Feb,,7,19:17:01,heavyfeather-Extensa-2540 CRON[29209]: pam_unix(cron:session): session closed for user root,0,1,abnormal
Feb,,7,19:17:34,heavyfeather-Extensa-2540 systemd-logind[780]: Lid closed.,0,1,abnormal
Feb,,8,00:59:40,heavyfeather-Extensa-2540 systemd-logind[780]: Lid opened.,0,1,abnormal
Feb,,8,00:59:41,heavyfeather-Extensa-2540 systemd-logind[780]: Operation 'sleep' finished.,0,1,abnormal
Feb,,8,01:17:01,heavyfeather-Extensa-2540 CRON[29847]: pam_unix(cron:session): session opened for user root(uid=0) by (uid=0),0,1,abnormal
Feb,,8,01:17:01,heavyfeather-Extensa-2540 CRON[29847]: pam_unix(cron:session): session closed for user root,0,1,abnormal
Feb,,8,01:27:56,heavyfeather-Extensa-2540 systemd-logind[780]: Lid closed.,0,1,abnormal
Feb,,8,15:39:21,heavyfeather-Extensa-2540 systemd-logind[780]: Lid opened.,0,1,abnormal
Feb,,8,15:39:22,heavyfeather-Extensa-2540 systemd-logind[780]: Operation 'sleep' finished.,0,1,abnormal
Feb,,8,16:17:01,heavyfeather-Extensa-2540 CRON[31304]: pam_unix(cron:session): session opened for user root(uid=0) by (uid=0),0,1,abnormal
Feb,,8,16:17:01,heavyfeather-Extensa-2540 CRON[31304]: pam_unix(cron:session): session closed for user root,0,1,abnormal
Feb,,8,16:30:01,heavyfeather-Extensa-2540 CRON[31552]: pam_unix(cron:session): session opened for user root(uid=0) by (uid=0),0,1,abnormal
Feb,,8,16:30:01,heavyfeather-Extensa-2540 CRON[31552]: pam_unix(cron:session): session closed for user root,0,1,abnormal
Feb,,8,17:17:01,heavyfeather-Extensa-2540 CRON[32501]: pam_unix(cron:session): session opened for user root(uid=0) by (uid=0),0,1,abnormal
Feb,,8,17:17:01,heavyfeather-Extensa-2540 CRON[32501]: pam_unix(cron:session): session closed for user root,0,1,abnormal
Feb,,8,17:30:01,heavyfeather-Extensa-2540 CRON[32692]: pam_unix(cron:session): session opened for user root(uid=0) by (uid=0),0,1,abnormal
Feb,,8,17:30:01,heavyfeather-Extensa-2540 CRON[32692]: pam_unix(cron:session): session closed for user root,0,1,abnormal
Feb,,8,17:47:48,heavyfeather-Extensa-2540 systemd-logind[780]: Operation 'sleep' finished.,0,1,abnormal
Feb,,8,18:00:56,heavyfeather-Extensa-2540 systemd-logind[780]: Lid closed.,0,1,abnormal
Feb,,8,20:41:14,heavyfeather-Extensa-2540 systemd-logind[780]: Lid opened.,0,1,abnormal
Feb,,8,20:41:15,heavyfeather-Extensa-2540 CRON[33569]: pam_unix(cron:session): session opened for user root(uid=0) by (uid=0),0,1,abnormal
Feb,,8,20:41:15,heavyfeather-Extensa-2540 CRON[33569]: pam_unix(cron:session): session closed for user root,0,1,abnormal
Feb,,8,20:41:15,heavyfeather-Extensa-2540 CRON[33571]: pam_unix(cron:session): session opened for user root(uid=0) by (uid=0),0,1,abnormal
Feb,,8,20:41:15,heavyfeather-Extensa-2540 CRON[33571]: pam_unix(cron:session): session closed for user root,0,1,abnormal
Feb,,8,20:41:15,heavyfeather-Extensa-2540 CRON[33573]: pam_unix(cron:session): session opened for user root(uid=0) by (uid=0),0,1,abnormal
Feb,,8,20:41:15,heavyfeather-Extensa-2540 CRON[33573]: pam_unix(cron:session): session closed for user root,0,1,abnormal
Feb,,8,20:41:15,heavyfeather-Extensa-2540 systemd-logind[780]: Operation 'sleep' finished.,0,1,abnormal
Feb,,8,20:49:13,heavyfeather-Extensa-2540 systemd-logind[780]: Watching system buttons on /dev/input/event7 (TT M-3 (AVRCP)),0,1,abnormal
Feb,,8,21:17:01,heavyfeather-Extensa-2540 CRON[34186]: pam_unix(cron:session): session opened for user root(uid=0) by (uid=0),0,1,abnormal
Feb,,8,21:17:01,heavyfeather-Extensa-2540 CRON[34186]: pam_unix(cron:session): session closed for user root,0,1,abnormal
Feb,,8,21:30:01,heavyfeather-Extensa-2540 CRON[34353]: pam_unix(cron:session): session opened for user root(uid=0) by (uid=0),0,1,abnormal
Feb,,8,21:30:01,heavyfeather-Extensa-2540 CRON[34353]: pam_unix(cron:session): session closed for user root,0,1,abnormal
Feb,,8,22:17:01,heavyfeather-Extensa-2540 CRON[34835]: pam_unix(cron:session): session opened for user root(uid=0) by (uid=0),0,1,abnormal
Feb,,8,22:17:02,heavyfeather-Extensa-2540 CRON[34835]: pam_unix(cron:session): session closed for user root,0,1,abnormal
Feb,,8,22:30:01,heavyfeather-Extensa-2540 CRON[34920]: pam_unix(cron:session): session opened for user root(uid=0) by (uid=0),0,1,abnormal
Feb,,8,22:30:01,heavyfeather-Extensa-2540 CRON[34920]: pam_unix(cron:session): session closed for user root,0,1,abnormal
Feb,,8,23:17:01,heavyfeather-Extensa-2540 CRON[35512]: pam_unix(cron:session): session opened for user root(uid=0) by (uid=0),0,1,abnormal
Feb,,8,23:17:01,heavyfeather-Extensa-2540 CRON[35512]: pam_unix(cron:session): session closed for user root,0,1,abnormal
Feb,,8,23:30:01,heavyfeather-Extensa-2540 CRON[35660]: pam_unix(cron:session): session opened for user root(uid=0) by (uid=0),0,1,abnormal
Feb,,8,23:30:02,heavyfeather-Extensa-2540 CRON[35660]: pam_unix(cron:session): session closed for user root,0,1,abnormal
Feb,,9,00:16:03,heavyfeather-Extensa-2540 systemd-logind[780]: Operation 'sleep' finished.,0,1,abnormal
Feb,,9,00:17:01,heavyfeather-Extensa-2540 CRON[36116]: pam_unix(cron:session): session opened for user root(uid=0) by (uid=0),0,1,abnormal
Feb,,9,00:17:01,heavyfeather-Extensa-2540 CRON[36116]: pam_unix(cron:session): session closed for user root,0,1,abnormal
Feb,,9,01:03:02,heavyfeather-Extensa-2540 systemd-logind[780]: Lid closed.,0,1,abnormal
Feb,,9,11:04:19,heavyfeather-Extensa-2540 systemd-logind[780]: Lid opened.,0,1,abnormal
Feb,,9,11:04:20,heavyfeather-Extensa-2540 systemd-logind[780]: Operation 'sleep' finished.,0,1,abnormal
Feb,,9,11:17:01,heavyfeather-Extensa-2540 CRON[37986]: pam_unix(cron:session): session opened for user root(uid=0) by (uid=0),0,1,abnormal
Feb,,9,11:17:01,heavyfeather-Extensa-2540 CRON[37986]: pam_unix(cron:session): session closed for user root,0,1,abnormal
Feb,,9,11:30:01,heavyfeather-Extensa-2540 CRON[38122]: pam_unix(cron:session): session opened for user root(uid=0) by (uid=0),0,1,abnormal
Feb,,9,11:30:01,heavyfeather-Extensa-2540 CRON[38122]: pam_unix(cron:session): session closed for user root,0,1,abnormal
Feb,,9,11:59:06,heavyfeather-Extensa-2540 systemd-logind[780]: Operation 'sleep' finished.,0,1,abnormal
Feb,,9,12:17:01,heavyfeather-Extensa-2540 CRON[39281]: pam_unix(cron:session): session opened for user root(uid=0) by (uid=0),0,1,abnormal
Feb,,9,12:17:01,heavyfeather-Extensa-2540 CRON[39281]: pam_unix(cron:session): session closed for user root,0,1,abnormal
Feb,,9,12:30:01,heavyfeather-Extensa-2540 CRON[39466]: pam_unix(cron:session): session opened for user root(uid=0) by (uid=0),0,1,abnormal
Feb,,9,12:30:01,heavyfeather-Extensa-2540 CRON[39466]: pam_unix(cron:session): session closed for user root,0,1,abnormal
Feb,,9,13:10:16,heavyfeather-Extensa-2540 systemd-logind[780]: Operation 'sleep' finished.,0,1,abnormal
Feb,,9,13:17:01,heavyfeather-Extensa-2540 CRON[40446]: pam_unix(cron:session): session opened for user root(uid=0) by (uid=0),0,1,abnormal
Feb,,9,13:17:01,heavyfeather-Extensa-2540 CRON[40446]: pam_unix(cron:session): session closed for user root,0,1,abnormal
Feb,,9,13:30:01,heavyfeather-Extensa-2540 CRON[40833]: pam_unix(cron:session): session opened for user root(uid=0) by (uid=0),0,1,abnormal
Feb,,9,13:30:01,heavyfeather-Extensa-2540 CRON[40833]: pam_unix(cron:session): session closed for user root,0,1,abnormal
Feb,,9,14:17:01,heavyfeather-Extensa-2540 CRON[42278]: pam_unix(cron:session): session opened for user root(uid=0) by (uid=0),0,1,abnormal
Feb,,9,14:17:01,heavyfeather-Extensa-2540 CRON[42278]: pam_unix(cron:session): session closed for user root,0,1,abnormal
Feb,,9,14:30:01,heavyfeather-Extensa-2540 CRON[43115]: pam_unix(cron:session): session opened for user root(uid=0) by (uid=0),0,1,abnormal
Feb,,9,14:30:01,heavyfeather-Extensa-2540 CRON[43115]: pam_unix(cron:session): session closed for user root,0,1,abnormal
Feb,,9,14:30:41,heavyfeather-Extensa-2540 sudo: heavyfeather : TTY=pts/3   PWD=/home/heavyfeather/Dowloads   USER=root   COMMAND=/usr/bin/chmod +x Anaconda3-2022.10-Linux-x86_64.sh,0,1,abnormal
Feb,,9,14:30:41,heavyfeather-Extensa-2540 sudo: pam_unix(sudo:session): session opened for user root(uid=0) by heavyfeather(uid=1000),0,1,abnormal
Feb,,9,14:30:41,heavyfeather-Extensa-2540 sudo: pam_unix(sudo:session): session closed for user root,0,1,abnormal
Feb,,9,15:17:02,heavyfeather-Extensa-2540 CRON[46606]: pam_unix(cron:session): session opened for user root(uid=0) by (uid=0),0,1,abnormal
Feb,,9,15:17:02,heavyfeather-Extensa-2540 CRON[46606]: pam_unix(cron:session): session closed for user root,0,1,abnormal
Feb,,9,15:30:01,heavyfeather-Extensa-2540 CRON[46800]: pam_unix(cron:session): session opened for user root(uid=0) by (uid=0),0,1,abnormal
Feb,,9,15:30:01,heavyfeather-Extensa-2540 CRON[46800]: pam_unix(cron:session): session closed for user root,0,1,abnormal
Feb,,9,16:03:19,heavyfeather-Extensa-2540 systemd-logind[780]: Operation 'sleep' finished.,0,1,abnormal
Feb,,9,16:17:01,heavyfeather-Extensa-2540 CRON[49121]: pam_unix(cron:session): session opened for user root(uid=0) by (uid=0),0,1,abnormal
Feb,,9,16:17:01,heavyfeather-Extensa-2540 CRON[49121]: pam_unix(cron:session): session closed for user root,0,1,abnormal
Feb,,9,16:30:01,heavyfeather-Extensa-2540 CRON[49723]: pam_unix(cron:session): session opened for user root(uid=0) by (uid=0),0,1,abnormal
Feb,,9,16:30:01,heavyfeather-Extensa-2540 CRON[49723]: pam_unix(cron:session): session closed for user root,0,1,abnormal
Feb,,9,17:17:01,heavyfeather-Extensa-2540 CRON[59471]: pam_unix(cron:session): session opened for user root(uid=0) by (uid=0),0,1,abnormal
Feb,,9,17:17:01,heavyfeather-Extensa-2540 CRON[59471]: pam_unix(cron:session): session closed for user root,0,1,abnormal
Feb,,9,17:30:01,heavyfeather-Extensa-2540 CRON[59979]: pam_unix(cron:session): session opened for user root(uid=0) by (uid=0),0,1,abnormal
Feb,,9,17:30:01,heavyfeather-Extensa-2540 CRON[59979]: pam_unix(cron:session): session closed for user root,0,1,abnormal
Feb,,9,18:52:30,heavyfeather-Extensa-2540 systemd-logind[780]: Operation 'sleep' finished.,0,1,abnormal
Feb,,9,18:53:01,heavyfeather-Extensa-2540 CRON[60725]: pam_unix(cron:session): session opened for user root(uid=0) by (uid=0),0,1,abnormal
Feb,,9,18:53:01,heavyfeather-Extensa-2540 CRON[60725]: pam_unix(cron:session): session closed for user root,0,1,abnormal
Feb,,9,19:14:54,heavyfeather-Extensa-2540 systemd-logind[780]: Lid closed.,0,1,abnormal
Feb,10,01:10:07,heavyfeather-Extensa-2540,systemd-logind[780]: Lid opened.,0,1,abnormal
Feb,10,01:10:08,heavyfeather-Extensa-2540,systemd-logind[780]: Operation 'sleep' finished.,0,1,abnormal
Feb,10,01:17:01,heavyfeather-Extensa-2540,CRON[62425]: pam_unix(cron:session): session opened for user root(uid=0) by (uid=0),0,1,abnormal
Feb,10,01:17:01,heavyfeather-Extensa-2540,CRON[62425]: pam_unix(cron:session): session closed for user root,0,1,abnormal
Feb,10,01:42:09,heavyfeather-Extensa-2540,systemd-logind[780]: Lid closed.,0,1,abnormal
Feb,10,13:56:39,heavyfeather-Extensa-2540,systemd-logind[780]: Lid opened.,1,0,normal
Feb,10,13:56:40,heavyfeather-Extensa-2540,systemd-logind[780]: Operation 'sleep' finished.,1,0,normal
Feb,10,14:40:14,heavyfeather-Extensa-2540,systemd-logind[780]: Operation 'sleep' finished.,1,0,normal
Feb,10,14:40:43,heavyfeather-Extensa-2540,CRON[63258]: pam_unix(cron:session): session opened for user root(uid=0) by (uid=0),1,0,normal
Feb,10,14:40:43,heavyfeather-Extensa-2540,CRON[63258]: pam_unix(cron:session): session closed for user root,1,0,normal
Feb,10,15:17:01,heavyfeather-Extensa-2540,CRON[65487]: pam_unix(cron:session): session opened for user root(uid=0) by (uid=0),1,0,normal
Feb,10,15:17:01,heavyfeather-Extensa-2540,CRON[65487]: pam_unix(cron:session): session closed for user root,1,0,normal
Feb,10,15:30:01,heavyfeather-Extensa-2540,CRON[65592]: pam_unix(cron:session): session opened for user root(uid=0) by (uid=0),1,0,normal
Feb,10,15:30:02,heavyfeather-Extensa-2540,CRON[65592]: pam_unix(cron:session): session closed for user root,1,0,normal
Feb,10,15:44:22,heavyfeather-Extensa-2540,systemd-logind[780]: Operation 'sleep' finished.,1,0,normal
Feb,10,16:17:01,heavyfeather-Extensa-2540,CRON[66340]: pam_unix(cron:session): session opened for user root(uid=0) by (uid=0),1,0,normal
Feb,10,16:17:01,heavyfeather-Extensa-2540,CRON[66340]: pam_unix(cron:session): session closed for user root,1,0,normal
Feb,10,16:30:01,heavyfeather-Extensa-2540,CRON[66452]: pam_unix(cron:session): session opened for user root(uid=0) by (uid=0),1,0,normal
Feb,10,16:30:01,heavyfeather-Extensa-2540,CRON[66452]: pam_unix(cron:session): session closed for user root,1,0,normal
Feb,10,17:17:01,heavyfeather-Extensa-2540,CRON[67416]: pam_unix(cron:session): session opened for user root(uid=0) by (uid=0),1,0,normal
Feb,10,17:17:01,heavyfeather-Extensa-2540,CRON[67416]: pam_unix(cron:session): session closed for user root,1,0,normal
Feb,10,17:30:01,heavyfeather-Extensa-2540,CRON[67989]: pam_unix(cron:session): session opened for user root(uid=0) by (uid=0),1,0,normal
Feb,10,17:30:01,heavyfeather-Extensa-2540,CRON[67989]: pam_unix(cron:session): session closed for user root,1,0,normal
Feb,10,17:42:38,heavyfeather-Extensa-2540,systemd-logind[780]: Lid closed.,1,0,normal
Feb,10,18:24:29,heavyfeather-Extensa-2540,systemd-logind[780]: Lid opened.,1,0,normal
Feb,10,18:24:29,heavyfeather-Extensa-2540,systemd-logind[780]: Operation 'sleep' finished.,1,0,normal
Feb,10,18:24:33,heavyfeather-Extensa-2540,unix_chkpwd[68641]: password check failed for user (heavyfeather),1,0,normal
Feb,10,18:24:33,heavyfeather-Extensa-2540,kcheckpass[68639]: pam_unix(kde:auth): authentication failure  logname= uid=1000 euid=1000 tty=:0 ruser= rhost=  user=heavyfeather,1,0,normal
Feb,10,18:24:33,heavyfeather-Extensa-2540,kcheckpass[68639]: Authentication failure for heavyfeather (invoked by uid 1000),1,0,normal
Feb,10,18:30:01,heavyfeather-Extensa-2540,CRON[69225]: pam_unix(cron:session): session opened for user root(uid=0) by (uid=0),1,0,normal
Feb,10,18:30:01,heavyfeather-Extensa-2540,CRON[69225]: pam_unix(cron:session): session closed for user root,1,0,normal
Feb,10,18:31:36,heavyfeather-Extensa-2540,systemd-logind[780]: Lid closed.,1,0,normal
Feb,10,22:21:14,heavyfeather-Extensa-2540,systemd-logind[780]: Lid opened.,0,1,abnormal
Feb,10,22:21:15,heavyfeather-Extensa-2540,systemd-logind[780]: Operation 'sleep' finished.,0,1,abnormal
Feb,10,22:30:01,heavyfeather-Extensa-2540,CRON[69886]: pam_unix(cron:session): session opened for user root(uid=0) by (uid=0),0,1,abnormal
Feb,10,22:30:01,heavyfeather-Extensa-2540,CRON[69886]: pam_unix(cron:session): session closed for user root,0,1,abnormal
Feb,10,23:13:25,heavyfeather-Extensa-2540,systemd-logind[780]: Lid closed.,0,1,abnormal
Feb,11,12:51:42,heavyfeather-Extensa-2540,systemd-logind[780]: Lid opened.,1,0,normal
Feb,11,12:51:44,heavyfeather-Extensa-2540,systemd-logind[780]: Operation 'sleep' finished.,1,0,normal
Feb,11,13:17:01,heavyfeather-Extensa-2540,CRON[70745]: pam_unix(cron:session): session opened for user root(uid=0) by (uid=0),1,0,normal
Feb,11,13:17:01,heavyfeather-Extensa-2540,CRON[70745]: pam_unix(cron:session): session closed for user root,1,0,normal
Feb,11,13:30:01,heavyfeather-Extensa-2540,CRON[70993]: pam_unix(cron:session): session opened for user root(uid=0) by (uid=0),1,0,normal
Feb,11,13:30:01,heavyfeather-Extensa-2540,CRON[70993]: pam_unix(cron:session): session closed for user root,1,0,normal
Feb,11,13:40:53,heavyfeather-Extensa-2540,systemd-logind[780]: Operation 'sleep' finished.,1,0,normal
Feb,11,14:48:45,heavyfeather-Extensa-2540,systemd-logind[780]: Operation 'sleep' finished.,1,0,normal
Feb,11,14:49:19,heavyfeather-Extensa-2540,CRON[71986]: pam_unix(cron:session): session opened for user root(uid=0) by (uid=0),1,0,normal
Feb,11,14:49:19,heavyfeather-Extensa-2540,CRON[71986]: pam_unix(cron:session): session closed for user root,1,0,normal
Feb,11,14:57:47,heavyfeather-Extensa-2540,systemd-logind[780]: Power key pressed.,1,0,normal
Feb,11,15:17:01,heavyfeather-Extensa-2540,CRON[72282]: pam_unix(cron:session): session opened for user root(uid=0) by (uid=0),1,0,normal
Feb,11,15:17:01,heavyfeather-Extensa-2540,CRON[72282]: pam_unix(cron:session): session closed for user root,1,0,normal
Feb,11,15:30:01,heavyfeather-Extensa-2540,CRON[73166]: pam_unix(cron:session): session opened for user root(uid=0) by (uid=0),1,0,normal
Feb,11,15:30:01,heavyfeather-Extensa-2540,CRON[73166]: pam_unix(cron:session): session closed for user root,1,0,normal
Feb,11,16:02:04,heavyfeather-Extensa-2540,systemd-logind[780]: Operation 'sleep' finished.,1,0,normal
Feb,11,16:17:01,heavyfeather-Extensa-2540,CRON[74188]: pam_unix(cron:session): session opened for user root(uid=0) by (uid=0),1,0,normal
Feb,11,16:17:01,heavyfeather-Extensa-2540,CRON[74188]: pam_unix(cron:session): session closed for user root,1,0,normal
Feb,11,16:28:31,heavyfeather-Extensa-2540,systemd-logind[780]: Lid closed.,1,0,normal
Feb,12,12:26:47,heavyfeather-Extensa-2540,systemd-logind[780]: Lid opened.,1,0,normal
Feb,12,12:26:48,heavyfeather-Extensa-2540,systemd-logind[780]: Operation 'sleep' finished.,1,0,normal
Feb,12,12:30:01,heavyfeather-Extensa-2540,CRON[74780]: pam_unix(cron:session): session opened for user root(uid=0) by (uid=0),1,0,normal
Feb,12,12:30:01,heavyfeather-Extensa-2540,CRON[74780]: pam_unix(cron:session): session closed for user root,1,0,normal
Feb,12,12:43:19,heavyfeather-Extensa-2540,systemd-logind[780]: Lid closed.,1,0,normal
Feb,12,13:44:53,heavyfeather-Extensa-2540,systemd-logind[780]: Lid opened.,1,0,normal
Feb,12,13:44:54,heavyfeather-Extensa-2540,systemd-logind[780]: Operation 'sleep' finished.,1,0,normal
Feb,12,13:45:30,heavyfeather-Extensa-2540,CRON[75145]: pam_unix(cron:session): session opened for user root(uid=0) by (uid=0),1,0,normal
Feb,12,13:45:30,heavyfeather-Extensa-2540,CRON[75145]: pam_unix(cron:session): session closed for user root,1,0,normal
Feb,12,13:46:49,heavyfeather-Extensa-2540,systemd-logind[780]: Watching system buttons on /dev/input/event7 (TT M-3 (AVRCP)),1,0,normal
Feb,12,14:17:01,heavyfeather-Extensa-2540,CRON[75658]: pam_unix(cron:session): session opened for user root(uid=0) by (uid=0),1,0,normal
Feb,12,14:17:01,heavyfeather-Extensa-2540,CRON[75658]: pam_unix(cron:session): session closed for user root,1,0,normal
Feb,12,14:30:01,heavyfeather-Extensa-2540,CRON[75846]: pam_unix(cron:session): session opened for user root(uid=0) by (uid=0),1,0,normal
Feb,12,14:30:01,heavyfeather-Extensa-2540,CRON[75846]: pam_unix(cron:session): session closed for user root,1,0,normal
Feb,12,15:17:01,heavyfeather-Extensa-2540,CRON[76297]: pam_unix(cron:session): session opened for user root(uid=0) by (uid=0),1,0,normal
Feb,12,15:17:01,heavyfeather-Extensa-2540,CRON[76297]: pam_unix(cron:session): session closed for user root,1,0,normal
Feb,12,15:30:01,heavyfeather-Extensa-2540,CRON[76477]: pam_unix(cron:session): session opened for user root(uid=0) by (uid=0),1,0,normal
Feb,12,15:30:01,heavyfeather-Extensa-2540,CRON[76477]: pam_unix(cron:session): session closed for user root,1,0,normal
Feb,12,15:30:43,heavyfeather-Extensa-2540,systemd-logind[780]: Lid closed.,1,0,normal
Feb,12,17:45:38,heavyfeather-Extensa-2540,systemd-logind[780]: Lid opened.,1,0,normal
Feb,12,17:45:39,heavyfeather-Extensa-2540,systemd-logind[780]: Operation 'sleep' finished.,1,0,normal
Feb,12,17:45:49,heavyfeather-Extensa-2540,CRON[76748]: pam_unix(cron:session): session opened for user root(uid=0) by (uid=0),1,0,normal
Feb,12,17:45:49,heavyfeather-Extensa-2540,CRON[76748]: pam_unix(cron:session): session closed for user root,1,0,normal
Feb,12,17:45:49,heavyfeather-Extensa-2540,CRON[76750]: pam_unix(cron:session): session opened for user root(uid=0) by (uid=0),1,0,normal
Feb,12,17:45:49,heavyfeather-Extensa-2540,CRON[76750]: pam_unix(cron:session): session closed for user root,1,0,normal
Feb,12,18:13:18,heavyfeather-Extensa-2540,systemd-logind[780]: Lid closed.,1,0,normal
Feb,12,21:25:41,heavyfeather-Extensa-2540,systemd-logind[780]: Lid opened.,0,1,abnormal
Feb,12,21:25:42,heavyfeather-Extensa-2540,systemd-logind[780]: Operation 'sleep' finished.,0,1,abnormal
Feb,12,21:30:01,heavyfeather-Extensa-2540,CRON[77542]: pam_unix(cron:session): session opened for user root(uid=0) by (uid=0),0,1,abnormal
Feb,12,21:30:01,heavyfeather-Extensa-2540,CRON[77542]: pam_unix(cron:session): session closed for user root,0,1,abnormal
Feb,12,21:48:12,heavyfeather-Extensa-2540,systemd-logind[780]: Power key pressed.,0,1,abnormal
Feb,12,22:17:01,heavyfeather-Extensa-2540,CRON[78241]: pam_unix(cron:session): session opened for user root(uid=0) by (uid=0),0,1,abnormal
Feb,12,22:17:01,heavyfeather-Extensa-2540,CRON[78241]: pam_unix(cron:session): session closed for user root,0,1,abnormal
Feb,12,22:30:01,heavyfeather-Extensa-2540,CRON[78695]: pam_unix(cron:session): session opened for user root(uid=0) by (uid=0),0,1,abnormal
Feb,12,22:30:01,heavyfeather-Extensa-2540,CRON[78695]: pam_unix(cron:session): session closed for user root,0,1,abnormal
Feb,12,23:17:01,heavyfeather-Extensa-2540,CRON[80123]: pam_unix(cron:session): session opened for user root(uid=0) by (uid=0),0,1,abnormal
Feb,12,23:17:01,heavyfeather-Extensa-2540,CRON[80123]: pam_unix(cron:session): session closed for user root,0,1,abnormal
Feb,12,23:30:01,heavyfeather-Extensa-2540,CRON[80175]: pam_unix(cron:session): session opened for user root(uid=0) by (uid=0),0,1,abnormal
Feb,12,23:30:01,heavyfeather-Extensa-2540,CRON[80175]: pam_unix(cron:session): session closed for user root,0,1,abnormal
